{
  "uuid": "df957438-fc87-3c12-8348-5cef4099bf74",
  "starterPrompted": true,
  "starterLocked": false,
  "starterSelected": true,
  "starterUUID": "4b98182a-5cdc-4521-9629-42fe4140da99",
  "keyItems": [],
  "battleTheme": "cobblemon:battle.pvp.default",
  "extraData": {},
  "advancementData": {
    "totalCaptureCount": 5,
    "totalEggsHatched": 0,
    "totalEvolvedCount": 4,
    "totalBattleVictoryCount": 6,
    "totalPvPBattleVictoryCount": 0,
    "totalPvWBattleVictoryCount": 6,
    "totalPvNBattleVictoryCount": 0,
    "totalShinyCaptureCount": 0,
    "totalTradedCount": 0,
    "totalTypeCaptureCounts": {
      "grass": 1,
      "poison": 2,
      "water": 2,
      "flying": 2,
      "normal": 1
    },
    "totalDefeatedCounts": {
      "cobblemon:miltank": 1,
      "cobblemon:diggersby": 1
    },
    "aspectsCollected": {}
  }
}