{
  "uuid": "df957438-fc87-3c12-8348-5cef4099bf74",
  "starterPrompted": true,
  "starterLocked": false,
  "starterSelected": true,
  "starterUUID": "b3ca206a-33cd-4395-9da6-481d9724e3e0",
  "keyItems": [],
  "battleTheme": "cobblemon:battle.pvp.default",
  "extraData": {},
  "advancementData": {
    "totalCaptureCount": 3,
    "totalEggsHatched": 0,
    "totalEvolvedCount": 1,
    "totalBattleVictoryCount": 18,
    "totalPvPBattleVictoryCount": 0,
    "totalPvWBattleVictoryCount": 18,
    "totalPvNBattleVictoryCount": 0,
    "totalShinyCaptureCount": 0,
    "totalTradedCount": 0,
    "totalTypeCaptureCounts": {
      "normal": 2,
      "flying": 1,
      "dark": 1,
      "ice": 1
    },
    "totalDefeatedCounts": {
      "cobblemon:hoothoot": 1,
      "cobblemon:rookidee": 2,
      "cobblemon:taillow": 1,
      "cobblemon:pidgey": 1,
      "cobblemon:seedot": 1,
      "cobblemon:gimmighoul": 2,
      "cobblemon:zigzagoon": 1,
      "cobblemon:wooloo": 1,
      "cobblemon:sentret": 1,
      "cobblemon:furret": 1,
      "cobblemon:nacli": 1,
      "cobblemon:starly": 1,
      "cobblemon:bouffalant": 1
    },
    "aspectsCollected": {}
  }
}