{
  "uuid": "df957438-fc87-3c12-8348-5cef4099bf74",
  "starterPrompted": true,
  "starterLocked": false,
  "starterSelected": true,
  "starterUUID": "b3ca206a-33cd-4395-9da6-481d9724e3e0",
  "keyItems": [],
  "battleTheme": "cobblemon:battle.pvp.default",
  "extraData": {},
  "advancementData": {
    "totalCaptureCount": 0,
    "totalEggsHatched": 0,
    "totalEvolvedCount": 0,
    "totalBattleVictoryCount": 6,
    "totalPvPBattleVictoryCount": 0,
    "totalPvWBattleVictoryCount": 6,
    "totalPvNBattleVictoryCount": 0,
    "totalShinyCaptureCount": 0,
    "totalTradedCount": 0,
    "totalTypeCaptureCounts": {},
    "totalDefeatedCounts": {
      "cobblemon:hoothoot": 1,
      "cobblemon:rookidee": 2,
      "cobblemon:taillow": 1,
      "cobblemon:pidgey": 1,
      "cobblemon:seedot": 1
    },
    "aspectsCollected": {}
  }
}