{
  "name": "pokenests:slowpoke_spawns",
  "fallback": "minecraft:empty",
  "elements": [
    {
      "weight": 4,
      "element": {
        "element_type": "minecraft:single_pool_element",
        "location": "pokenests:slowpoke_nest/slowpoke23",
        "projection": "rigid",
        "processors": "minecraft:empty"
      }
    },
    {
      "weight": 4,
      "element": {
        "element_type": "minecraft:single_pool_element",
        "location": "pokenests:slowpoke_nest/slowpoke24",
        "projection": "rigid",
        "processors": "minecraft:empty"
      }
    },
    {
      "weight": 4,
      "element": {
        "element_type": "minecraft:single_pool_element",
        "location": "pokenests:slowpoke_nest/slowpoke27",
        "projection": "rigid",
        "processors": "minecraft:empty"
      }
    },
    {
      "weight": 4,
      "element": {
        "element_type": "minecraft:single_pool_element",
        "location": "pokenests:slowpoke_nest/slowpoke28",
        "projection": "rigid",
        "processors": "minecraft:empty"
      }
    },
    {
      "weight": 1,
      "element": {
        "element_type": "minecraft:single_pool_element",
        "location": "pokenests:slowpoke_nest/slowpoke_shiny",
        "projection": "rigid",
        "processors": "minecraft:empty"
      }
    },
    {
      "weight": 2,
      "element": {
        "element_type": "minecraft:single_pool_element",
        "location": "pokenests:slowpoke_nest/slowbro36",
        "projection": "rigid",
        "processors": "minecraft:empty"
      }
    }
  ]
}
