{
  "name": "pokenests:squirtle_spawns",
  "fallback": "minecraft:empty",
  "elements": [
    {
      "weight": 4,
      "element": {
        "element_type": "minecraft:single_pool_element",
        "location": "pokenests:squirtle_nest/squirtle8",
        "projection": "rigid",
        "processors": "minecraft:empty"
      }
    },
    {
      "weight": 4,
      "element": {
        "element_type": "minecraft:single_pool_element",
        "location": "pokenests:squirtle_nest/squirtle10",
        "projection": "rigid",
        "processors": "minecraft:empty"
      }
    },
    {
      "weight": 4,
      "element": {
        "element_type": "minecraft:single_pool_element",
        "location": "pokenests:squirtle_nest/squirtle13",
        "projection": "rigid",
        "processors": "minecraft:empty"
      }
    },
    {
      "weight": 4,
      "element": {
        "element_type": "minecraft:single_pool_element",
        "location": "pokenests:squirtle_nest/squirtle14",
        "projection": "rigid",
        "processors": "minecraft:empty"
      }
    },
    {
      "weight": 2,
      "element": {
        "element_type": "minecraft:single_pool_element",
        "location": "pokenests:squirtle_nest/wartortle28",
        "projection": "rigid",
        "processors": "minecraft:empty"
      }
    },
    {
      "weight": 1,
      "element": {
        "element_type": "minecraft:single_pool_element",
        "location": "pokenests:squirtle_nest/squirtle_shiny",
        "projection": "rigid",
        "processors": "minecraft:empty"
      }
    }
  ]
}
