{
  "uuid": "91f5cd99-d0d0-3eaf-bfa8-f81e9ceebc81",
  "starterPrompted": true,
  "starterLocked": false,
  "starterSelected": true,
  "starterUUID": "2c8eb8cc-5b51-4d82-a09d-9ce4b3a097c7",
  "keyItems": [],
  "battleTheme": "cobblemon:battle.pvp.default",
  "extraData": {},
  "advancementData": {
    "totalCaptureCount": 2,
    "totalEggsHatched": 0,
    "totalEvolvedCount": 3,
    "totalBattleVictoryCount": 3,
    "totalPvPBattleVictoryCount": 0,
    "totalPvWBattleVictoryCount": 3,
    "totalPvNBattleVictoryCount": 0,
    "totalShinyCaptureCount": 0,
    "totalTradedCount": 0,
    "totalTypeCaptureCounts": {
      "dragon": 1,
      "ground": 1,
      "normal": 1
    },
    "totalDefeatedCounts": {
      "cobblemon:gimmighoul": 1
    },
    "aspectsCollected": {}
  }
}