{
  "uuid": "edce5eea-3509-320b-a810-0da8397eada3",
  "starterPrompted": true,
  "starterLocked": false,
  "starterSelected": true,
  "starterUUID": "83a6d40e-be50-4354-9728-9c8f44533d96",
  "keyItems": [],
  "battleTheme": "cobblemon:battle.pvp.default",
  "extraData": {},
  "advancementData": {
    "totalCaptureCount": 2,
    "totalEggsHatched": 0,
    "totalEvolvedCount": 2,
    "totalBattleVictoryCount": 13,
    "totalPvPBattleVictoryCount": 0,
    "totalPvWBattleVictoryCount": 13,
    "totalPvNBattleVictoryCount": 0,
    "totalShinyCaptureCount": 0,
    "totalTradedCount": 0,
    "totalTypeCaptureCounts": {
      "bug": 1,
      "poison": 1,
      "water": 1
    },
    "totalDefeatedCounts": {
      "cobblemon:petilil": 1,
      "cobblemon:vulpix": 1,
      "cobblemon:mareep": 1,
      "cobblemon:snorunt": 1,
      "cobblemon:fidough": 1,
      "cobblemon:rattata": 1,
      "cobblemon:diglett": 1,
      "cobblemon:geodude": 1,
      "cobblemon:fletchling": 1,
      "cobblemon:bunnelby": 1,
      "cobblemon:butterfree": 1
    },
    "aspectsCollected": {}
  }
}