{
  "uuid": "edce5eea-3509-320b-a810-0da8397eada3",
  "starterPrompted": true,
  "starterLocked": false,
  "starterSelected": true,
  "starterUUID": "2efb3692-8adc-443a-a90e-fe740aebeb5e",
  "keyItems": [],
  "battleTheme": "cobblemon:battle.pvp.default",
  "extraData": {},
  "advancementData": {
    "totalCaptureCount": 1,
    "totalEggsHatched": 0,
    "totalEvolvedCount": 3,
    "totalBattleVictoryCount": 11,
    "totalPvPBattleVictoryCount": 0,
    "totalPvWBattleVictoryCount": 11,
    "totalPvNBattleVictoryCount": 0,
    "totalShinyCaptureCount": 0,
    "totalTradedCount": 0,
    "totalTypeCaptureCounts": {
      "dragon": 1,
      "ground": 1
    },
    "totalDefeatedCounts": {
      "cobblemon:mankey": 1,
      "cobblemon:fearow": 1,
      "cobblemon:spearow": 1,
      "cobblemon:donphan": 1,
      "cobblemon:dodrio": 1,
      "cobblemon:patrat": 2,
      "cobblemon:mareep": 1,
      "cobblemon:gimmighoul": 1,
      "cobblemon:tandemaus": 1
    },
    "aspectsCollected": {}
  }
}