{
  "uuid": "edce5eea-3509-320b-a810-0da8397eada3",
  "starterPrompted": true,
  "starterLocked": false,
  "starterSelected": true,
  "starterUUID": "83a6d40e-be50-4354-9728-9c8f44533d96",
  "keyItems": [],
  "battleTheme": "cobblemon:battle.pvp.default",
  "extraData": {},
  "advancementData": {
    "totalCaptureCount": 5,
    "totalEggsHatched": 0,
    "totalEvolvedCount": 4,
    "totalBattleVictoryCount": 40,
    "totalPvPBattleVictoryCount": 0,
    "totalPvWBattleVictoryCount": 40,
    "totalPvNBattleVictoryCount": 0,
    "totalShinyCaptureCount": 0,
    "totalTradedCount": 2,
    "totalTypeCaptureCounts": {
      "bug": 1,
      "poison": 2,
      "water": 1,
      "normal": 1,
      "flying": 1,
      "ghost": 1,
      "electric": 1
    },
    "totalDefeatedCounts": {
      "cobblemon:petilil": 1,
      "cobblemon:vulpix": 1,
      "cobblemon:mareep": 1,
      "cobblemon:snorunt": 2,
      "cobblemon:fidough": 1,
      "cobblemon:rattata": 2,
      "cobblemon:diglett": 1,
      "cobblemon:geodude": 1,
      "cobblemon:fletchling": 1,
      "cobblemon:bunnelby": 1,
      "cobblemon:butterfree": 1,
      "cobblemon:swinub": 1,
      "cobblemon:starly": 1,
      "cobblemon:rookidee": 2,
      "cobblemon:pidove": 1,
      "cobblemon:buneary": 2,
      "cobblemon:zigzagoon": 1,
      "cobblemon:tandemaus": 1,
      "cobblemon:taillow": 1,
      "cobblemon:staravia": 1,
      "cobblemon:golem": 1,
      "cobblemon:phantump": 1,
      "cobblemon:nacli": 1,
      "cobblemon:caterpie": 1,
      "cobblemon:sentret": 3,
      "cobblemon:gimmighoul": 1,
      "cobblemon:sneasel": 1,
      "cobblemon:deerling": 1,
      "cobblemon:lechonk": 1
    },
    "aspectsCollected": {}
  }
}