{
  "uuid": "e65aa30b-594b-3d09-a590-dab5c2477865",
  "starterPrompted": true,
  "starterLocked": false,
  "starterSelected": true,
  "starterUUID": "3a2f4506-6cd0-4d01-99d2-17233a084631",
  "keyItems": [],
  "battleTheme": "cobblemon:battle.pvp.default",
  "extraData": {},
  "advancementData": {
    "totalCaptureCount": 2,
    "totalEggsHatched": 0,
    "totalEvolvedCount": 1,
    "totalBattleVictoryCount": 23,
    "totalPvPBattleVictoryCount": 0,
    "totalPvWBattleVictoryCount": 23,
    "totalPvNBattleVictoryCount": 0,
    "totalShinyCaptureCount": 0,
    "totalTradedCount": 0,
    "totalTypeCaptureCounts": {
      "ice": 1,
      "dragon": 1,
      "ground": 1
    },
    "totalDefeatedCounts": {
      "cobblemon:pineco": 2,
      "cobblemon:gimmighoul": 1,
      "cobblemon:koffing": 1,
      "cobblemon:zubat": 1,
      "cobblemon:combee": 2,
      "cobblemon:rookidee": 2,
      "cobblemon:fletchling": 4,
      "cobblemon:igglybuff": 1,
      "cobblemon:lechonk": 1,
      "cobblemon:buneary": 2,
      "cobblemon:eevee": 2,
      "cobblemon:teddiursa": 1,
      "cobblemon:pidgey": 1,
      "cobblemon:zigzagoon": 1
    },
    "aspectsCollected": {}
  }
}