{"stats":{"minecraft:crafted":{"minecraft:crafting_table":1,"minecraft:stick":8,"minecraft:wooden_pickaxe":1,"minecraft:wooden_axe":1,"minecraft:jungle_planks":32},"minecraft:mined":{"minecraft:jungle_wood":2,"minecraft:smoker":2,"minecraft:jungle_leaves":4,"minecraft:crafting_table":1,"minecraft:grass":9,"minecraft:decorated_pot":6,"minecraft:vine":2,"minecraft:jungle_log":53,"minecraft:stripped_jungle_log":1,"minecraft:tall_grass":4,"minecraft:stone":36,"minecraft:oak_leaves":1,"cobblemon:relic_coin_pouch":1,"minecraft:fern":1},"minecraft:broken":{"minecraft:wooden_axe":1},"minecraft:picked_up":{"minecraft:stick":2,"minecraft:crafting_table":1,"minecraft:jungle_log":53,"minecraft:jungle_wood":2,"minecraft:wooden_pickaxe":1,"minecraft:smoker":2,"minecraft:jungle_planks":24,"cobblemon:nanab_berry":8,"cobblemon:pink_apricorn":6,"minecraft:stripped_jungle_log":1,"minecraft:beef":2,"cobblemon:relic_coin":37,"minecraft:mutton":5,"minecraft:white_wool":4,"minecraft:cobblestone":35},"minecraft:killed":{"minecraft:sheep":4,"cobblemon:pokemon":2,"minecraft:cow":1},"minecraft:used":{"minecraft:wooden_axe":53,"minecraft:stripped_jungle_log":1,"minecraft:jungle_log":1,"minecraft:wooden_pickaxe":43,"minecraft:leather_boots":1,"minecraft:white_wool":1,"minecraft:crafting_table":1,"minecraft:jungle_planks":4},"minecraft:dropped":{"minecraft:jungle_wood":2,"minecraft:wooden_pickaxe":2},"minecraft:custom":{"minecraft:time_since_rest":36349,"minecraft:sprint_one_cm":79853,"minecraft:damage_taken":257,"minecraft:walk_one_cm":83149,"minecraft:mob_kills":8,"minecraft:drop":4,"minecraft:damage_dealt":706,"minecraft:swim_one_cm":2977,"minecraft:interact_with_cartography_table":1,"minecraft:interact_with_crafting_table":2,"minecraft:fly_one_cm":176873,"minecraft:open_chest":19,"minecraft:crouch_one_cm":217,"minecraft:play_time":36349,"minecraft:sneak_time":149,"minecraft:walk_under_water_one_cm":1352,"minecraft:jump":904,"minecraft:leave_game":5,"minecraft:walk_on_water_one_cm":3938,"minecraft:time_since_death":36349,"minecraft:climb_one_cm":7742,"minecraft:interact_with_smoker":1,"minecraft:total_world_time":36349,"minecraft:fall_one_cm":29794}},"DataVersion":3465}