{"stats":{"minecraft:used":{"minecraft:stone_pickaxe":79,"minecraft:chest":2,"minecraft:wooden_pickaxe":43,"minecraft:leather_boots":1,"minecraft:white_wool":1,"minecraft:torch":12,"minecraft:crafting_table":3,"minecraft:jungle_planks":4,"minecraft:white_bed":1,"minecraft:granite":1,"minecraft:smoker":2,"minecraft:wooden_axe":53,"minecraft:stripped_jungle_log":1,"minecraft:iron_pickaxe":52,"minecraft:jungle_log":1,"minecraft:stone_axe":1,"minecraft:cobblestone":7,"minecraft:furnace":2},"minecraft:custom":{"minecraft:interact_with_furnace":9,"minecraft:mob_kills":8,"minecraft:interact_with_crafting_table":18,"minecraft:interact_with_cartography_table":1,"minecraft:leave_game":5,"minecraft:time_since_death":67166,"minecraft:climb_one_cm":8357,"minecraft:time_since_rest":67166,"minecraft:sprint_one_cm":146179,"minecraft:damage_taken":551,"minecraft:walk_one_cm":153171,"minecraft:drop":4,"minecraft:damage_dealt":706,"minecraft:swim_one_cm":5676,"minecraft:fly_one_cm":311285,"minecraft:open_chest":32,"minecraft:crouch_one_cm":2332,"minecraft:play_time":67166,"minecraft:sneak_time":1110,"minecraft:walk_under_water_one_cm":2033,"minecraft:jump":1610,"minecraft:walk_on_water_one_cm":6113,"minecraft:total_world_time":67166,"minecraft:interact_with_smoker":1,"minecraft:fall_one_cm":54350},"minecraft:picked_up":{"minecraft:magma_block":7,"minecraft:crafting_table":2,"minecraft:jungle_log":53,"minecraft:jungle_wood":2,"minecraft:wooden_pickaxe":1,"minecraft:smoker":2,"minecraft:tuff":1,"minecraft:lapis_lazuli":16,"cobblemon:exp_candy_xl":2,"minecraft:raw_copper":26,"minecraft:cobbled_deepslate":6,"minecraft:raw_gold":8,"minecraft:beef":2,"cobblemon:relic_coin":37,"minecraft:furnace":1,"minecraft:stick":2,"minecraft:raw_iron":21,"cobblemon:nanab_berry":8,"minecraft:jungle_planks":24,"cobblemon:pink_apricorn":6,"minecraft:stripped_jungle_log":1,"minecraft:diamond":12,"minecraft:granite":1,"minecraft:mutton":5,"minecraft:coal":62,"minecraft:white_wool":4,"minecraft:cobblestone":35},"minecraft:mined":{"minecraft:tuff":1,"minecraft:acacia_leaves":1,"minecraft:deepslate_diamond_ore":12,"minecraft:smoker":2,"minecraft:jungle_leaves":4,"minecraft:crafting_table":2,"minecraft:granite":1,"minecraft:decorated_pot":6,"minecraft:jungle_log":53,"minecraft:copper_ore":8,"minecraft:tall_grass":4,"minecraft:deepslate_coal_ore":4,"minecraft:deepslate_gold_ore":8,"minecraft:moss_block":1,"cobblemon:relic_coin_pouch":1,"minecraft:large_fern":1,"minecraft:spore_blossom":1,"minecraft:magma_block":17,"minecraft:jungle_wood":2,"minecraft:furnace":1,"minecraft:iron_ore":20,"minecraft:deepslate_lapis_ore":3,"minecraft:grass":9,"minecraft:coal_ore":45,"minecraft:deepslate_iron_ore":1,"minecraft:vine":2,"minecraft:stripped_jungle_log":1,"minecraft:stone":36,"minecraft:deepslate":7,"minecraft:oak_leaves":1,"minecraft:fern":1},"minecraft:broken":{"minecraft:wooden_axe":1},"minecraft:crafted":{"minecraft:crafting_table":2,"minecraft:wooden_pickaxe":1,"minecraft:furnace":2,"minecraft:stone_axe":1,"minecraft:air":0,"minecraft:jungle_planks":56,"minecraft:diamond_helmet":1,"minecraft:emerald_block":1,"minecraft:stick":36,"minecraft:iron_ingot":20,"minecraft:iron_pickaxe":1,"minecraft:stone_pickaxe":1,"minecraft:wooden_axe":1,"minecraft:chest":2,"minecraft:white_bed":1,"minecraft:torch":20},"minecraft:killed":{"cobblemon:pokemon":2,"minecraft:sheep":4,"minecraft:cow":1},"minecraft:dropped":{"minecraft:jungle_wood":2,"minecraft:wooden_pickaxe":2}},"DataVersion":3465}