{"stats":{"minecraft:used":{"minecraft:stone_pickaxe":79,"minecraft:blackstone":8,"minecraft:chest":2,"minecraft:wooden_pickaxe":43,"minecraft:leather_boots":1,"minecraft:white_wool":1,"minecraft:torch":14,"minecraft:crafting_table":4,"minecraft:jungle_planks":4,"minecraft:white_bed":1,"minecraft:granite":1,"minecraft:smoker":2,"minecraft:wooden_axe":53,"minecraft:diamond_pickaxe":23,"minecraft:stripped_jungle_log":1,"minecraft:iron_pickaxe":112,"minecraft:jungle_log":1,"minecraft:stone_axe":2,"minecraft:cobblestone":13,"minecraft:furnace":2,"minecraft:cobbled_deepslate":6},"minecraft:custom":{"minecraft:interact_with_furnace":9,"minecraft:mob_kills":8,"minecraft:interact_with_crafting_table":20,"minecraft:interact_with_cartography_table":1,"minecraft:leave_game":5,"minecraft:time_since_death":79166,"minecraft:climb_one_cm":8357,"minecraft:time_since_rest":79166,"minecraft:sprint_one_cm":184730,"minecraft:damage_taken":825,"minecraft:walk_one_cm":183255,"minecraft:drop":4,"minecraft:damage_dealt":786,"minecraft:swim_one_cm":5676,"minecraft:fly_one_cm":369913,"minecraft:open_chest":32,"minecraft:crouch_one_cm":4450,"minecraft:play_time":79166,"minecraft:sneak_time":1973,"minecraft:walk_under_water_one_cm":3328,"minecraft:jump":1927,"minecraft:walk_on_water_one_cm":7292,"minecraft:total_world_time":79166,"minecraft:interact_with_smoker":1,"minecraft:fall_one_cm":62871},"minecraft:picked_up":{"cobblemon:leaf_stone":2,"minecraft:magma_block":7,"minecraft:crafting_table":3,"minecraft:jungle_log":53,"minecraft:jungle_wood":2,"minecraft:wooden_pickaxe":1,"minecraft:smoker":2,"minecraft:tuff":1,"megamons:anistarite_geode_block":30,"minecraft:lapis_lazuli":16,"cobblemon:exp_candy_xl":2,"minecraft:raw_copper":26,"minecraft:blackstone":8,"minecraft:cobbled_deepslate":6,"minecraft:raw_gold":17,"minecraft:beef":2,"cobblemon:relic_coin":37,"minecraft:furnace":1,"minecraft:stick":2,"minecraft:raw_iron":21,"cobblemon:nanab_berry":8,"minecraft:jungle_planks":24,"cobblemon:pink_apricorn":6,"megamons:anistarite_rough_geode_block":1,"minecraft:stripped_jungle_log":1,"cobblemon:dawn_stone":1,"minecraft:diamond":26,"megamons:raw_venusaurite":1,"minecraft:granite":1,"minecraft:mutton":5,"minecraft:coal":62,"minecraft:white_wool":4,"minecraft:cobblestone":35},"minecraft:mined":{"megamons:anistarite_rough_geode_block":1,"minecraft:tuff":1,"minecraft:acacia_leaves":1,"megamons:anistarite_geode_block":32,"minecraft:blackstone":20,"minecraft:deepslate_diamond_ore":26,"minecraft:smoker":2,"minecraft:jungle_leaves":4,"minecraft:crafting_table":3,"minecraft:granite":1,"minecraft:decorated_pot":6,"minecraft:jungle_log":53,"megamons:venusaurite_crystal_ore":1,"minecraft:copper_ore":8,"minecraft:tall_grass":4,"minecraft:deepslate_coal_ore":4,"minecraft:deepslate_gold_ore":17,"minecraft:moss_block":1,"cobblemon:relic_coin_pouch":1,"minecraft:large_fern":1,"minecraft:spore_blossom":1,"minecraft:magma_block":17,"minecraft:jungle_wood":2,"minecraft:furnace":1,"minecraft:fire":1,"minecraft:iron_ore":20,"minecraft:deepslate_lapis_ore":3,"megamons:crystal_dawn_stone_ore":1,"minecraft:grass":9,"minecraft:coal_ore":45,"minecraft:deepslate_iron_ore":1,"minecraft:vine":2,"minecraft:stripped_jungle_log":1,"minecraft:stone":36,"megamons:crystal_leaf_stone_ore":2,"minecraft:deepslate":7,"minecraft:oak_leaves":1,"minecraft:fern":1},"minecraft:broken":{"minecraft:wooden_axe":1},"minecraft:crafted":{"minecraft:crafting_table":2,"minecraft:wooden_pickaxe":1,"minecraft:furnace":2,"minecraft:stone_axe":1,"minecraft:air":0,"minecraft:jungle_planks":56,"minecraft:diamond_helmet":1,"minecraft:diamond_pickaxe":1,"minecraft:emerald_block":1,"minecraft:stick":36,"minecraft:iron_ingot":20,"minecraft:iron_pickaxe":1,"minecraft:stone_pickaxe":1,"minecraft:wooden_axe":1,"minecraft:chest":2,"minecraft:white_bed":1,"minecraft:torch":20},"minecraft:killed":{"cobblemon:pokemon":2,"minecraft:sheep":4,"minecraft:cow":1},"minecraft:dropped":{"minecraft:jungle_wood":2,"minecraft:wooden_pickaxe":2}},"DataVersion":3465}