{"stats":{"minecraft:used":{"minecraft:moss_block":43,"megamons:anistarite_rough_geode_block":1,"minecraft:chest":2,"minecraft:torch":22,"minecraft:jungle_planks":4,"minecraft:tuff":3,"minecraft:granite":1,"minecraft:wooden_axe":53,"minecraft:jungle_log":1,"minecraft:smooth_basalt":2,"minecraft:magma_block":7,"minecraft:furnace":2,"minecraft:cobbled_deepslate":46,"minecraft:diorite":4,"minecraft:stone_pickaxe":79,"minecraft:blackstone":16,"minecraft:wooden_pickaxe":43,"minecraft:leather_boots":1,"minecraft:white_wool":1,"minecraft:crafting_table":5,"minecraft:white_bed":1,"megamons:anistarite_geode_block":5,"minecraft:smoker":2,"minecraft:diamond_pickaxe":126,"cobblemon:apricorn_log":5,"minecraft:stripped_jungle_log":1,"minecraft:iron_pickaxe":248,"minecraft:stone_axe":25,"minecraft:cobblestone":49,"minecraft:jungle_door":6,"minecraft:coarse_dirt":2},"minecraft:custom":{"minecraft:mob_kills":11,"minecraft:interact_with_crafting_table":22,"minecraft:open_barrel":17,"minecraft:leave_game":7,"minecraft:time_since_death":28601,"minecraft:climb_one_cm":10549,"minecraft:sprint_one_cm":392355,"minecraft:walk_one_cm":318397,"minecraft:drop":15,"minecraft:play_time":147888,"minecraft:deaths":1,"minecraft:sneak_time":4333,"minecraft:walk_under_water_one_cm":28196,"minecraft:jump":4006,"minecraft:walk_on_water_one_cm":25976,"minecraft:total_world_time":147888,"minecraft:interact_with_furnace":11,"minecraft:interact_with_cartography_table":1,"minecraft:sleep_in_bed":1,"minecraft:time_since_rest":16438,"minecraft:damage_taken":2941,"minecraft:damage_dealt":1380,"minecraft:swim_one_cm":94431,"minecraft:fly_one_cm":760708,"minecraft:open_chest":42,"minecraft:crouch_one_cm":9739,"minecraft:interact_with_smoker":2,"minecraft:fall_one_cm":138497},"minecraft:picked_up":{"minecraft:crafting_table":5,"minecraft:coarse_dirt":2,"cobblemon:leaf_stone":4,"minecraft:wooden_pickaxe":1,"minecraft:enchanted_book":4,"cobblemon:exp_candy_xl":2,"minecraft:raw_copper":64,"cobblemon:white_apricorn":7,"minecraft:blackstone":16,"minecraft:cobbled_deepslate":46,"cobblemon:green_apricorn":4,"minecraft:beef":5,"cobblemon:relic_coin":37,"cobblemon:green_apricorn_seed":1,"minecraft:egg":1,"minecraft:furnace":2,"minecraft:stick":21,"minecraft:raw_iron":131,"cobblemon:apricorn_log":5,"minecraft:jungle_door":4,"minecraft:copper_ingot":15,"minecraft:torch":3,"minecraft:green_bed":2,"cobblemon:nanab_berry":8,"minecraft:diorite":4,"minecraft:golden_chestplate":1,"cobblemon:dawn_stone":2,"cobblemon:everstone":2,"cobblemon:black_augurite":2,"minecraft:gold_ingot":4,"minecraft:mutton":7,"cobblemon:blue_apricorn":5,"minecraft:white_wool":4,"minecraft:cobblestone":71,"minecraft:magma_block":7,"minecraft:jungle_log":88,"minecraft:leather":2,"minecraft:jungle_wood":2,"minecraft:smoker":2,"minecraft:tuff":3,"minecraft:lapis_lazuli":32,"megamons:anistarite_geode_block":65,"cobblemon:black_apricorn":15,"minecraft:raw_gold":64,"minecraft:iron_ingot":17,"minecraft:stone_pickaxe":1,"minecraft:diamond_helmet":1,"minecraft:moss_block":43,"minecraft:smooth_basalt":2,"minecraft:raw_iron_block":1,"minecraft:jungle_planks":24,"cobblemon:pink_apricorn":12,"megamons:anistarite_rough_geode_block":2,"minecraft:stripped_jungle_log":1,"minecraft:diamond":85,"minecraft:stone_axe":1,"megamons:raw_venusaurite":2,"minecraft:granite":1,"cobblemon:rindo_berry":6,"cobblemon:hard_stone":2,"minecraft:black_wool":1,"minecraft:coal":125,"minecraft:diamond_pickaxe":1},"minecraft:mined":{"minecraft:tuff":3,"minecraft:deepslate_diamond_ore":45,"minecraft:jungle_leaves":4,"cobblemon:apricorn_log":5,"minecraft:glow_lichen":2,"minecraft:granite":3,"minecraft:decorated_pot":6,"minecraft:jungle_log":53,"megamons:venusaurite_crystal_ore":1,"minecraft:moss_block":44,"minecraft:large_fern":1,"minecraft:spore_blossom":1,"minecraft:raw_iron_block":1,"minecraft:magma_block":17,"minecraft:furnace":1,"minecraft:iron_ore":29,"minecraft:cobbled_deepslate":4,"minecraft:fire":13,"cobblemon:black_apricorn":2,"minecraft:deepslate_lapis_ore":3,"minecraft:deepslate_iron_ore":27,"minecraft:vine":2,"minecraft:stripped_jungle_log":1,"minecraft:stone":73,"minecraft:green_bed":1,"megamons:crystal_leaf_stone_ore":2,"megamons:anistarite_rough_geode_block":1,"minecraft:acacia_leaves":1,"megamons:anistarite_geode_block":37,"minecraft:blackstone":28,"minecraft:smoker":2,"minecraft:crafting_table":4,"minecraft:torch":1,"cobblemon:apricorn_leaves":7,"minecraft:copper_ore":8,"minecraft:tall_grass":4,"minecraft:deepslate_coal_ore":4,"minecraft:deepslate_gold_ore":26,"minecraft:diorite":4,"cobblemon:relic_coin_pouch":1,"minecraft:coarse_dirt":2,"minecraft:jungle_wood":2,"megamons:crystal_dawn_stone_ore":1,"minecraft:grass":11,"minecraft:coal_ore":68,"minecraft:smooth_basalt":2,"minecraft:oak_leaves":1,"minecraft:deepslate":48,"minecraft:fern":1},"minecraft:broken":{"minecraft:leather_boots":1,"minecraft:iron_pickaxe":1,"minecraft:wooden_axe":1},"minecraft:crafted":{"minecraft:raw_iron":9,"cobblemon:slate_ball":4,"minecraft:furnace":2,"minecraft:diamond_helmet":1,"minecraft:stone_pickaxe":1,"minecraft:chest":2,"minecraft:crafting_table":2,"minecraft:wooden_pickaxe":1,"minecraft:copper_ingot":26,"minecraft:stone_axe":1,"minecraft:air":0,"minecraft:jungle_planks":68,"minecraft:jungle_door":6,"minecraft:emerald_block":1,"minecraft:diamond_pickaxe":1,"minecraft:stick":36,"minecraft:iron_ingot":42,"minecraft:iron_pickaxe":1,"minecraft:wooden_axe":1,"minecraft:white_bed":1,"minecraft:torch":20},"minecraft:killed":{"cobblemon:pokemon":3,"minecraft:sheep":5,"minecraft:cow":2},"minecraft:dropped":{"minecraft:jungle_wood":2,"minecraft:leather":2,"minecraft:jungle_planks":1,"cobblemon:rindo_berry":6,"megamons:anistarite_rough_geode_block":1,"minecraft:wooden_pickaxe":2,"minecraft:black_wool":1}},"DataVersion":3465}