{"stats":{"minecraft:used":{"minecraft:stone_pickaxe":79,"minecraft:blackstone":13,"minecraft:chest":2,"minecraft:wooden_pickaxe":43,"minecraft:leather_boots":1,"minecraft:white_wool":1,"minecraft:torch":20,"minecraft:crafting_table":5,"minecraft:jungle_planks":4,"megamons:anistarite_geode_block":5,"minecraft:white_bed":1,"minecraft:tuff":1,"minecraft:granite":1,"minecraft:smoker":2,"minecraft:wooden_axe":53,"minecraft:diamond_pickaxe":40,"minecraft:stripped_jungle_log":1,"minecraft:iron_pickaxe":209,"minecraft:jungle_log":1,"minecraft:smooth_basalt":2,"minecraft:stone_axe":3,"minecraft:magma_block":7,"minecraft:cobblestone":13,"minecraft:furnace":2,"minecraft:jungle_door":5,"minecraft:cobbled_deepslate":33},"minecraft:custom":{"minecraft:interact_with_furnace":9,"minecraft:mob_kills":8,"minecraft:interact_with_crafting_table":21,"minecraft:interact_with_cartography_table":1,"minecraft:open_barrel":17,"minecraft:leave_game":5,"minecraft:time_since_death":103166,"minecraft:climb_one_cm":8397,"minecraft:time_since_rest":103166,"minecraft:sprint_one_cm":251095,"minecraft:damage_taken":1698,"minecraft:walk_one_cm":224772,"minecraft:drop":4,"minecraft:damage_dealt":786,"minecraft:swim_one_cm":37817,"minecraft:fly_one_cm":457331,"minecraft:open_chest":32,"minecraft:crouch_one_cm":5788,"minecraft:play_time":103166,"minecraft:sneak_time":2938,"minecraft:walk_under_water_one_cm":22681,"minecraft:jump":2482,"minecraft:walk_on_water_one_cm":19747,"minecraft:total_world_time":103166,"minecraft:interact_with_smoker":1,"minecraft:fall_one_cm":81203},"minecraft:picked_up":{"cobblemon:leaf_stone":2,"minecraft:magma_block":7,"minecraft:crafting_table":4,"minecraft:jungle_log":53,"minecraft:jungle_wood":2,"minecraft:wooden_pickaxe":1,"minecraft:smoker":2,"minecraft:tuff":3,"megamons:anistarite_geode_block":35,"minecraft:lapis_lazuli":16,"cobblemon:exp_candy_xl":2,"minecraft:raw_copper":26,"minecraft:blackstone":16,"minecraft:cobbled_deepslate":33,"minecraft:raw_gold":25,"minecraft:beef":2,"cobblemon:relic_coin":37,"minecraft:furnace":1,"minecraft:smooth_basalt":2,"minecraft:stick":2,"minecraft:raw_iron":56,"minecraft:jungle_door":2,"minecraft:green_bed":1,"minecraft:raw_iron_block":1,"cobblemon:nanab_berry":8,"minecraft:jungle_planks":24,"cobblemon:pink_apricorn":6,"megamons:anistarite_rough_geode_block":1,"minecraft:stripped_jungle_log":1,"cobblemon:dawn_stone":1,"minecraft:diamond":45,"megamons:raw_venusaurite":1,"minecraft:granite":1,"minecraft:mutton":5,"minecraft:coal":62,"minecraft:white_wool":4,"minecraft:cobblestone":35},"minecraft:mined":{"megamons:anistarite_rough_geode_block":1,"minecraft:tuff":3,"minecraft:acacia_leaves":1,"megamons:anistarite_geode_block":37,"minecraft:blackstone":28,"minecraft:deepslate_diamond_ore":45,"minecraft:smoker":2,"minecraft:jungle_leaves":4,"minecraft:crafting_table":4,"minecraft:granite":1,"minecraft:decorated_pot":6,"minecraft:jungle_log":53,"megamons:venusaurite_crystal_ore":1,"minecraft:copper_ore":8,"minecraft:tall_grass":4,"minecraft:deepslate_coal_ore":4,"minecraft:deepslate_gold_ore":25,"minecraft:moss_block":1,"cobblemon:relic_coin_pouch":1,"minecraft:large_fern":1,"minecraft:raw_iron_block":1,"minecraft:spore_blossom":1,"minecraft:magma_block":17,"minecraft:jungle_wood":2,"minecraft:furnace":1,"minecraft:fire":6,"minecraft:iron_ore":29,"minecraft:deepslate_lapis_ore":3,"megamons:crystal_dawn_stone_ore":1,"minecraft:grass":9,"minecraft:coal_ore":45,"minecraft:deepslate_iron_ore":27,"minecraft:vine":2,"minecraft:stripped_jungle_log":1,"minecraft:smooth_basalt":2,"minecraft:stone":36,"minecraft:green_bed":1,"megamons:crystal_leaf_stone_ore":2,"minecraft:deepslate":39,"minecraft:oak_leaves":1,"minecraft:fern":1},"minecraft:broken":{"minecraft:leather_boots":1,"minecraft:wooden_axe":1},"minecraft:crafted":{"minecraft:raw_iron":9,"minecraft:crafting_table":2,"minecraft:wooden_pickaxe":1,"minecraft:furnace":2,"minecraft:stone_axe":1,"minecraft:air":0,"minecraft:jungle_planks":68,"minecraft:jungle_door":6,"minecraft:diamond_helmet":1,"minecraft:diamond_pickaxe":1,"minecraft:emerald_block":1,"minecraft:stick":36,"minecraft:iron_ingot":20,"minecraft:iron_pickaxe":1,"minecraft:stone_pickaxe":1,"minecraft:wooden_axe":1,"minecraft:chest":2,"minecraft:white_bed":1,"minecraft:torch":20},"minecraft:killed":{"cobblemon:pokemon":2,"minecraft:sheep":4,"minecraft:cow":1},"minecraft:dropped":{"minecraft:jungle_wood":2,"minecraft:wooden_pickaxe":2}},"DataVersion":3465}