{"stats":{"minecraft:used":{"minecraft:stone_pickaxe":71,"minecraft:chest":2,"minecraft:wooden_pickaxe":43,"minecraft:leather_boots":1,"minecraft:white_wool":1,"minecraft:crafting_table":2,"minecraft:jungle_planks":4,"minecraft:white_bed":1,"minecraft:granite":1,"minecraft:smoker":2,"minecraft:wooden_axe":53,"minecraft:stripped_jungle_log":1,"minecraft:jungle_log":1,"minecraft:cobblestone":7,"minecraft:furnace":1},"minecraft:custom":{"minecraft:interact_with_furnace":4,"minecraft:mob_kills":8,"minecraft:interact_with_crafting_table":14,"minecraft:interact_with_cartography_table":1,"minecraft:leave_game":5,"minecraft:time_since_death":51811,"minecraft:climb_one_cm":8105,"minecraft:time_since_rest":51811,"minecraft:sprint_one_cm":114533,"minecraft:damage_taken":431,"minecraft:walk_one_cm":108499,"minecraft:drop":4,"minecraft:damage_dealt":706,"minecraft:swim_one_cm":5676,"minecraft:fly_one_cm":274484,"minecraft:open_chest":32,"minecraft:crouch_one_cm":779,"minecraft:play_time":51811,"minecraft:sneak_time":356,"minecraft:walk_under_water_one_cm":2033,"minecraft:jump":1331,"minecraft:walk_on_water_one_cm":6113,"minecraft:total_world_time":51811,"minecraft:interact_with_smoker":1,"minecraft:fall_one_cm":45908},"minecraft:picked_up":{"minecraft:crafting_table":1,"minecraft:jungle_log":53,"minecraft:jungle_wood":2,"minecraft:wooden_pickaxe":1,"minecraft:smoker":2,"cobblemon:exp_candy_xl":2,"minecraft:raw_copper":26,"minecraft:beef":2,"cobblemon:relic_coin":37,"minecraft:stick":2,"minecraft:raw_iron":15,"cobblemon:nanab_berry":8,"minecraft:jungle_planks":24,"cobblemon:pink_apricorn":6,"minecraft:stripped_jungle_log":1,"minecraft:granite":1,"minecraft:mutton":5,"minecraft:coal":45,"minecraft:white_wool":4,"minecraft:cobblestone":35},"minecraft:mined":{"minecraft:acacia_leaves":1,"minecraft:smoker":2,"minecraft:jungle_leaves":4,"minecraft:crafting_table":1,"minecraft:granite":1,"minecraft:decorated_pot":6,"minecraft:jungle_log":53,"minecraft:tall_grass":4,"minecraft:copper_ore":8,"cobblemon:relic_coin_pouch":1,"minecraft:large_fern":1,"minecraft:spore_blossom":1,"minecraft:jungle_wood":2,"minecraft:iron_ore":15,"minecraft:grass":9,"minecraft:coal_ore":45,"minecraft:vine":2,"minecraft:stripped_jungle_log":1,"minecraft:stone":36,"minecraft:oak_leaves":1,"minecraft:fern":1},"minecraft:broken":{"minecraft:wooden_axe":1},"minecraft:crafted":{"minecraft:crafting_table":1,"minecraft:wooden_pickaxe":1,"minecraft:furnace":1,"minecraft:stone_axe":1,"minecraft:jungle_planks":52,"minecraft:emerald_block":1,"minecraft:stick":36,"minecraft:stone_pickaxe":1,"minecraft:wooden_axe":1,"minecraft:chest":2,"minecraft:white_bed":1},"minecraft:killed":{"cobblemon:pokemon":2,"minecraft:sheep":4,"minecraft:cow":1},"minecraft:dropped":{"minecraft:jungle_wood":2,"minecraft:wooden_pickaxe":2}},"DataVersion":3465}