{"stats":{"minecraft:used":{"minecraft:birch_planks":9,"minecraft:stone_pickaxe":65,"minecraft:chest":2,"minecraft:wooden_pickaxe":6,"minecraft:dirt":3,"minecraft:crafting_table":3,"minecraft:tuff":3,"minecraft:wooden_axe":32,"minecraft:chicken":2,"minecraft:cobblestone":19,"minecraft:sweet_berries":22,"minecraft:cobbled_deepslate":1},"minecraft:killed_by":{"minecraft:skeleton":2},"minecraft:custom":{"minecraft:mob_kills":10,"minecraft:interact_with_crafting_table":4,"minecraft:leave_game":4,"minecraft:time_since_death":29878,"minecraft:climb_one_cm":1936,"minecraft:time_since_rest":29910,"minecraft:sprint_one_cm":68451,"minecraft:damage_taken":820,"minecraft:walk_one_cm":89576,"minecraft:drop":3,"minecraft:damage_dealt":1258,"minecraft:fly_one_cm":108402,"minecraft:open_chest":2,"minecraft:crouch_one_cm":1027,"minecraft:play_time":50963,"minecraft:deaths":2,"minecraft:sneak_time":568,"minecraft:walk_under_water_one_cm":698,"minecraft:jump":706,"minecraft:walk_on_water_one_cm":377,"minecraft:total_world_time":50963,"minecraft:fall_one_cm":18201},"minecraft:picked_up":{"minecraft:birch_log":14,"minecraft:coarse_dirt":9,"minecraft:crafting_table":2,"minecraft:feather":1,"minecraft:chicken":2,"cobblemon:red_apricorn":9,"minecraft:birch_planks":5,"minecraft:tuff":3,"cobblemon:bluk_berry":69,"cobblemon:sharp_beak":1,"cobblemon:wepear_berry":19,"minecraft:dirt":1,"minecraft:string":1,"cobblemon:pink_apricorn_seed":1,"minecraft:raw_copper":7,"cobblemon:white_apricorn":17,"minecraft:cobbled_deepslate":1,"cobblemon:green_apricorn":10,"cobblemon:white_apricorn_seed":1,"cobblemon:oran_berry":25,"minecraft:chest":1,"cobblemon:red_apricorn_seed":2,"minecraft:raw_iron":1,"minecraft:sweet_berries":31,"cobblemon:blue_apricorn_seed":2,"minecraft:porkchop":8,"cobblemon:persim_berry":10,"cobblemon:pink_apricorn":3,"minecraft:spider_eye":1,"minecraft:mossy_cobblestone":2,"cobblemon:chesto_berry":15,"minecraft:mutton":5,"minecraft:coal":3,"cobblemon:blue_apricorn":11,"minecraft:white_wool":3,"minecraft:cobblestone":43},"minecraft:mined":{"minecraft:tuff":3,"minecraft:mossy_cobblestone":2,"cobblemon:shiny_stone_ore":1,"minecraft:crafting_table":2,"minecraft:grass_block":5,"minecraft:chest":1,"minecraft:tall_grass":4,"minecraft:copper_ore":2,"minecraft:cobblestone":23,"minecraft:birch_planks":5,"minecraft:coarse_dirt":9,"cobblemon:bluk_berry":2,"minecraft:birch_log":7,"minecraft:cobbled_deepslate":1,"minecraft:sweet_berry_bush":4,"minecraft:grass":3,"minecraft:coal_ore":3,"minecraft:deepslate_iron_ore":1,"minecraft:vine":2,"minecraft:dirt":1,"minecraft:stone":20},"minecraft:crafted":{"minecraft:crafting_table":1,"minecraft:wooden_pickaxe":1,"minecraft:birch_planks":28,"minecraft:stick":8,"minecraft:stone_pickaxe":1,"minecraft:wooden_axe":1,"minecraft:chest":1},"minecraft:killed":{"minecraft:pig":3,"cobblemon:pokemon":2,"minecraft:spider":1,"minecraft:sheep":3,"minecraft:zombie":1},"minecraft:dropped":{"minecraft:mossy_cobblestone":2,"minecraft:wooden_pickaxe":1,"minecraft:birch_log":7}},"DataVersion":3465}