{"stats":{"minecraft:used":{"minecraft:powered_rail":729,"minecraft:red_nether_bricks":27,"minecraft:oak_planks":36,"minecraft:glass":1232,"minecraft:stone_stairs":107,"minecraft:water_bucket":101,"minecraft:packed_ice":2,"minecraft:spruce_trapdoor":184,"minecraft:rail":32,"minecraft:redstone_block":125,"minecraft:spruce_sign":5},"minecraft:custom":{"minecraft:jump":13,"minecraft:time_since_rest":29369,"minecraft:sprint_one_cm":501,"minecraft:play_time":29369,"minecraft:time_since_death":29369,"minecraft:walk_one_cm":2555,"minecraft:sneak_time":211,"minecraft:total_world_time":29369,"minecraft:fall_one_cm":209,"minecraft:fly_one_cm":551048}},"DataVersion":3953}