{"stats":{"minecraft:killed":{"minecraft:slime":8,"minecraft:pig":3,"cobblemon:pokemon":4,"minecraft:creeper":1,"minecraft:sheep":1,"minecraft:zombie":1,"minecraft:cow":3},"minecraft:dropped":{"minecraft:enchanted_book":3,"minecraft:iron_ingot":7,"minecraft:wheat_seeds":1,"minecraft:cooked_beef":1,"cobblemon:blue_apricorn":2,"minecraft:glass_bottle":1,"cobblemon:sun_stone":1,"minecraft:diamond_leggings":3,"minecraft:feather":1,"minecraft:cobblestone":67,"minecraft:lead":3,"minecraft:book":8,"minecraft:music_disc_13":1,"travelersbackpack:orange_sleeping_bag":2,"cobblemon:white_apricorn":2,"minecraft:potion":1,"minecraft:iron_leggings":1,"minecraft:amethyst_shard":33,"minecraft:white_wool":1,"minecraft:compass":1,"minecraft:diamond_hoe":1,"minecraft:chicken":1,"travelersbackpack:yellow_sleeping_bag":2,"minecraft:name_tag":3,"cobblemon:black_apricorn":3,"megamons:anistarite_geode_block":1,"minecraft:oak_fence_gate":1,"megamons:anistarite_rough_geode_block":2,"minecraft:spruce_planks":3,"minecraft:azalea":1,"minecraft:wooden_pickaxe":1},"minecraft:crafted":{"minecraft:cooked_chicken":1,"minecraft:glass":12,"minecraft:stone_pickaxe":1,"minecraft:cooked_beef":5,"minecraft:crafting_table":1,"minecraft:spruce_planks":12,"travelersbackpack:backpack_tank":2,"minecraft:wooden_pickaxe":1,"travelersbackpack:standard":1,"minecraft:copper_ingot":40,"minecraft:air":0,"minecraft:stick":4,"minecraft:iron_ingot":14,"minecraft:gold_ingot":1},"minecraft:picked_up":{"minecraft:crafting_table":1,"cobblemon:leaf_stone":4,"minecraft:chicken":6,"minecraft:lead":2,"minecraft:wooden_pickaxe":1,"minecraft:potion":3,"minecraft:enchanted_book":2,"minecraft:diamond_horse_armor":1,"minecraft:music_disc_cat":1,"cobblemon:wepear_berry":36,"minecraft:raw_copper":54,"minecraft:iron_leggings":2,"cobblemon:white_apricorn":2,"minecraft:experience_bottle":4,"minecraft:blackstone":1,"cobblemon:link_cable":1,"minecraft:sea_pickle":6,"cobblemon:green_apricorn":2,"megamons:raw_ampharosite":1,"cobblemon:white_apricorn_seed":1,"minecraft:spruce_planks":3,"minecraft:echo_shard":7,"minecraft:music_disc_otherside":1,"minecraft:beef":5,"cobblemon:oran_berry":22,"minecraft:azalea":1,"travelersbackpack:black_sleeping_bag":2,"cobblemon:dusk_stone":5,"minecraft:enchanted_golden_apple":4,"minecraft:chest":3,"megamons:raw_steelixite":1,"minecraft:diamond_hoe":2,"megamons:raw_pinsirite":1,"minecraft:egg":1,"minecraft:raw_iron":16,"travelersbackpack:yellow_sleeping_bag":1,"minecraft:copper_ingot":40,"minecraft:porkchop":6,"minecraft:redstone":52,"cobblemon:dawn_stone":13,"minecraft:decorated_pot":1,"minecraft:saddle":1,"minecraft:ward_armor_trim_smithing_template":4,"minecraft:mutton":2,"minecraft:glow_berries":8,"cobblemon:verdant_ball":3,"cobblemon:blue_apricorn":2,"minecraft:white_wool":1,"minecraft:cobblestone":95,"minecraft:feather":1,"minecraft:leather":6,"megamons:raw_kangaskhanite":1,"minecraft:red_mushroom":24,"cobblemon:slate_ball":3,"megamons:raw_charizarditex":1,"travelersbackpack:orange_sleeping_bag":1,"megamons:anistarite_geode_block":27,"minecraft:dirt":20,"minecraft:disc_fragment_5":8,"minecraft:bone":8,"minecraft:kelp":174,"minecraft:wheat_seeds":1,"cobblemon:black_apricorn":9,"minecraft:raw_gold":1,"minecraft:iron_ingot":17,"cobblemon:thunder_stone":10,"cobblemon:moon_stone":4,"minecraft:moss_block":1,"minecraft:book":3,"minecraft:sculk_catalyst":7,"cobblemon:sun_stone":11,"minecraft:music_disc_13":1,"minecraft:sweet_berries":50,"minecraft:sculk":21,"cobblemon:fire_stone":10,"cobblemon:shiny_stone":5,"minecraft:gravel":4,"megamons:raw_mawilite":1,"minecraft:sand":13,"minecraft:amethyst_shard":11,"minecraft:soul_torch":20,"minecraft:spruce_log":3,"cobblemon:aspear_berry":47,"megamons:anistarite_rough_geode_block":2,"minecraft:sculk_sensor":6,"minecraft:slime_ball":10,"minecraft:diamond":20,"cobblemon:ice_stone":8,"cobblemon:water_stone":5,"minecraft:coal":46},"minecraft:used":{"minecraft:moss_block":1,"minecraft:diamond_hoe":21,"minecraft:decorated_pot":1,"minecraft:chest":2,"minecraft:stone":272,"minecraft:sculk":21,"travelersbackpack:black_sleeping_bag":2,"minecraft:cooked_chicken":1,"minecraft:mutton":2,"minecraft:dirt":62,"minecraft:soul_sand":1,"minecraft:oak_fence_gate":50,"minecraft:glass":181,"cobblemon:pc":1,"minecraft:magma_block":2,"minecraft:sweet_berries":8,"minecraft:egg":1,"minecraft:cooked_beef":4,"minecraft:water_bucket":3,"minecraft:stone_pickaxe":6,"minecraft:wooden_pickaxe":3,"minecraft:glow_berries":8,"minecraft:sand":1,"minecraft:crafting_table":1,"minecraft:sponge":347,"cobblemon:restoration_tank":2,"cobblemon:healing_machine":1,"minecraft:diamond_pickaxe":390,"minecraft:chicken":5,"minecraft:cobblestone":26,"minecraft:potion":1,"travelersbackpack:standard":3,"cobblemon:fossil_analyzer":1,"minecraft:porkchop":5,"minecraft:kelp":178,"minecraft:diamond_leggings":1,"minecraft:experience_bottle":12},"minecraft:custom":{"minecraft:mob_kills":22,"minecraft:interact_with_crafting_table":5,"minecraft:open_barrel":17,"minecraft:leave_game":11,"minecraft:time_since_death":29721,"minecraft:sprint_one_cm":174765,"minecraft:walk_one_cm":232192,"minecraft:drop":38,"minecraft:play_time":211355,"minecraft:deaths":4,"minecraft:sneak_time":10448,"minecraft:walk_under_water_one_cm":343230,"minecraft:jump":1906,"minecraft:walk_on_water_one_cm":53695,"minecraft:total_world_time":211355,"minecraft:interact_with_furnace":28,"minecraft:sleep_in_bed":6,"minecraft:time_since_rest":2832,"minecraft:damage_taken":1690,"minecraft:damage_dealt":1817,"minecraft:swim_one_cm":11412,"minecraft:fly_one_cm":754059,"minecraft:open_chest":33,"minecraft:crouch_one_cm":11531,"minecraft:fall_one_cm":52749},"minecraft:killed_by":{"minecraft:skeleton":1,"minecraft:zombie":1},"minecraft:mined":{"minecraft:tuff":3,"minecraft:deepslate_diamond_ore":9,"cobblemon:aspear_berry":1,"megamons:crystal_shiny_stone_ore":6,"minecraft:grass_block":1,"minecraft:decorated_pot":1,"megamons:crystal_water_stone_ore":5,"megamons:crystal_fire_stone_ore":10,"minecraft:red_mushroom":12,"minecraft:moss_block":1,"megamons:crystal_dusk_stone_ore":5,"megamons:mawilite_crystal_ore":1,"minecraft:redstone_ore":6,"minecraft:iron_ore":16,"megamons:pinsirite_crystal_ore":1,"megamons:crystal_ice_stone_ore":8,"travelersbackpack:black_sleeping_bag":2,"minecraft:stone":194,"megamons:crystal_thunder_stone_ore":10,"megamons:ampharosite_crystal_ore":1,"megamons:crystal_leaf_stone_ore":4,"megamons:anistarite_rough_geode_block":2,"megamons:anistarite_geode_block":14,"minecraft:blackstone":1,"megamons:kangaskhanite_crystal_ore":1,"minecraft:crafting_table":1,"minecraft:chest":3,"minecraft:copper_ore":12,"minecraft:cobblestone":3,"megamons:crystal_moon_stone_ore":4,"minecraft:deepslate_gold_ore":1,"minecraft:lapis_ore":1,"minecraft:sculk":21,"minecraft:diorite":16,"megamons:charizarditex_crystal_ore":1,"megamons:steelixite_crystal_ore":1,"minecraft:sea_pickle":1,"minecraft:spruce_log":3,"minecraft:grass":15,"megamons:crystal_dawn_stone_ore":13,"minecraft:coal_ore":2,"megamons:crystal_sun_stone_ore":10,"minecraft:sand":13,"minecraft:gold_ore":1,"minecraft:deepslate":17,"minecraft:fern":3}},"DataVersion":3465}