{"stats":{"minecraft:mined":{"cobblemon:healing_machine":1,"minecraft:deepslate_coal_ore":2,"minecraft:deepslate_copper_ore":2},"minecraft:dropped":{"cobblemon:quick_ball":24,"cobblemon:great_ball":32,"cobblemon:exp_candy_xl":4,"travelersbackpack:standard":1,"cobblemon:exp_share":6,"cobblemon:ultra_ball":12},"minecraft:custom":{"minecraft:time_since_rest":27599,"minecraft:open_chest":3,"minecraft:crouch_one_cm":1243,"minecraft:play_time":27599,"minecraft:sprint_one_cm":35440,"minecraft:damage_taken":20,"minecraft:walk_one_cm":37432,"minecraft:sneak_time":635,"minecraft:walk_under_water_one_cm":585,"minecraft:mob_kills":1,"minecraft:drop":7,"minecraft:jump":366,"minecraft:damage_dealt":135,"minecraft:interact_with_blast_furnace":2,"minecraft:leave_game":4,"minecraft:walk_on_water_one_cm":2122,"minecraft:time_since_death":27599,"minecraft:total_world_time":27599,"minecraft:swim_one_cm":3307,"minecraft:fall_one_cm":7731,"minecraft:fly_one_cm":228101},"minecraft:killed":{"minecraft:cow":1},"minecraft:used":{"minecraft:diamond_pickaxe":5,"travelersbackpack:standard":1,"cobblemon:healing_machine":1},"minecraft:picked_up":{"minecraft:raw_copper":10,"cobblemon:healing_machine":1,"minecraft:leather":3,"minecraft:beef":3,"minecraft:coal":2}},"DataVersion":3465}