{"stats":{"minecraft:used":{"minecraft:powered_rail":704,"minecraft:red_nether_bricks":27,"minecraft:oak_planks":35,"minecraft:glass":1143,"minecraft:stone_stairs":3,"minecraft:water_bucket":8,"minecraft:packed_ice":2,"minecraft:spruce_trapdoor":2,"minecraft:rail":32,"minecraft:redstone_block":69,"minecraft:spruce_sign":5},"minecraft:custom":{"minecraft:jump":13,"minecraft:time_since_rest":17369,"minecraft:sprint_one_cm":501,"minecraft:play_time":17369,"minecraft:time_since_death":17369,"minecraft:walk_one_cm":2555,"minecraft:sneak_time":211,"minecraft:total_world_time":17369,"minecraft:fall_one_cm":209,"minecraft:fly_one_cm":385073}},"DataVersion":3953}