{"stats":{"minecraft:mined":{"minecraft:iron_ore":2,"minecraft:coal_ore":23,"minecraft:stone":1082},"minecraft:picked_up":{"minecraft:bone":24,"minecraft:bow":1,"minecraft:iron_ore":2,"minecraft:cherry_sign":1,"minecraft:stone":1024,"minecraft:arrow":23,"minecraft:coal_ore":23,"minecraft:glow_berries":2},"minecraft:used":{"minecraft:oak_fence":4,"minecraft:moss_block":1,"minecraft:chiseled_polished_blackstone":46,"minecraft:light_blue_stained_glass_pane":111,"minecraft:water_bucket":290,"minecraft:netherite_sword":12,"minecraft:red_concrete":2,"minecraft:red_stained_glass":48,"minecraft:powered_rail":773,"minecraft:oak_planks":38,"minecraft:red_nether_bricks":574,"minecraft:chest":20,"minecraft:ender_chest":1,"minecraft:stone":606,"minecraft:composter":8,"minecraft:redstone_block":154,"minecraft:spruce_sign":5,"minecraft:red_nether_brick_stairs":102,"minecraft:beacon":3,"minecraft:gilded_blackstone":70,"minecraft:torch":189,"minecraft:glow_berries":11,"minecraft:red_nether_brick_slab":8,"minecraft:dirt":320,"minecraft:soul_sand":1,"minecraft:rail":33,"minecraft:anvil":1,"minecraft:vine":1059,"minecraft:light_blue_concrete":1,"minecraft:nether_bricks":48,"minecraft:white_bed":12,"minecraft:carrot":610,"minecraft:stone_stairs":107,"minecraft:deepslate_tile_slab":7,"minecraft:tuff":1,"minecraft:glow_lichen":4,"minecraft:dead_brain_coral_block":1,"minecraft:blue_concrete":1,"minecraft:nether_brick_stairs":28,"minecraft:small_dripleaf":4,"minecraft:deepslate_tiles":47,"minecraft:glass":3042,"minecraft:mud":150,"minecraft:packed_ice":2,"minecraft:sea_lantern":333,"minecraft:lava_bucket":4,"minecraft:warped_trapdoor":2,"minecraft:coal_ore":1,"minecraft:villager_spawn_egg":12,"minecraft:grass_block":55,"minecraft:iron_block":170,"minecraft:muddy_mangrove_roots":203,"minecraft:netherite_axe":8,"minecraft:netherite_hoe":324,"minecraft:stone_slab":5,"minecraft:spruce_trapdoor":261,"minecraft:cherry_sign":8,"minecraft:prismarine_slab":16,"minecraft:golden_carrot":1,"minecraft:black_stained_glass":12,"minecraft:iron_trapdoor":95,"minecraft:mangrove_roots":1,"minecraft:deepslate_tile_stairs":49,"minecraft:bucket":4,"minecraft:netherite_pickaxe":1107,"minecraft:sea_pickle":51,"minecraft:seagrass":70},"minecraft:killed":{"minecraft:skeleton":7,"minecraft:zombie":1,"minecraft:villager":3},"minecraft:dropped":{"minecraft:carrot":768},"minecraft:custom":{"minecraft:mob_kills":12,"minecraft:interact_with_anvil":10,"minecraft:tune_noteblock":2,"minecraft:leave_game":6,"minecraft:time_since_death":216716,"minecraft:climb_one_cm":6828,"minecraft:time_since_rest":216716,"minecraft:sprint_one_cm":25933,"minecraft:open_enderchest":2,"minecraft:damage_taken":7,"minecraft:walk_one_cm":111287,"minecraft:drop":12,"minecraft:damage_dealt":1177,"minecraft:interact_with_beacon":3,"minecraft:swim_one_cm":1673,"minecraft:talked_to_villager":6,"minecraft:fly_one_cm":2095415,"minecraft:open_chest":28,"minecraft:crouch_one_cm":710,"minecraft:play_time":216716,"minecraft:sneak_time":6027,"minecraft:walk_under_water_one_cm":12192,"minecraft:jump":216,"minecraft:walk_on_water_one_cm":15987,"minecraft:total_world_time":216716,"minecraft:fall_one_cm":1647}},"DataVersion":3953}