{"stats":{"minecraft:killed":{"minecraft:villager":3},"minecraft:used":{"minecraft:small_dripleaf":4,"minecraft:deepslate_tiles":43,"minecraft:mud":150,"minecraft:moss_block":1,"minecraft:glass":2892,"minecraft:chiseled_polished_blackstone":42,"minecraft:water_bucket":223,"minecraft:netherite_sword":9,"minecraft:packed_ice":2,"minecraft:sea_lantern":243,"minecraft:lava_bucket":4,"minecraft:villager_spawn_egg":12,"minecraft:muddy_mangrove_roots":203,"minecraft:grass_block":24,"minecraft:red_stained_glass":44,"minecraft:powered_rail":772,"minecraft:red_nether_bricks":81,"minecraft:oak_planks":38,"minecraft:netherite_hoe":320,"minecraft:stone_slab":4,"minecraft:redstone_block":130,"minecraft:spruce_trapdoor":261,"minecraft:composter":8,"minecraft:spruce_sign":5,"minecraft:red_nether_brick_stairs":93,"minecraft:gilded_blackstone":25,"minecraft:dirt":320,"minecraft:rail":33,"minecraft:red_nether_brick_slab":8,"minecraft:black_stained_glass":11,"minecraft:iron_trapdoor":95,"minecraft:deepslate_tile_stairs":45,"minecraft:nether_bricks":44,"minecraft:carrot":12,"minecraft:bucket":4,"minecraft:stone_stairs":107,"minecraft:white_bed":12,"minecraft:sea_pickle":51,"minecraft:glow_lichen":4,"minecraft:seagrass":70,"minecraft:nether_brick_stairs":24},"minecraft:custom":{"minecraft:time_since_rest":71369,"minecraft:sprint_one_cm":501,"minecraft:walk_one_cm":3629,"minecraft:mob_kills":3,"minecraft:damage_dealt":600,"minecraft:talked_to_villager":3,"minecraft:fly_one_cm":945413,"minecraft:play_time":71369,"minecraft:sneak_time":452,"minecraft:jump":15,"minecraft:time_since_death":71369,"minecraft:walk_on_water_one_cm":494,"minecraft:total_world_time":71369,"minecraft:fall_one_cm":209}},"DataVersion":3953}