{"stats":{"minecraft:mined":{"minecraft:crafting_table":2,"minecraft:chest":1,"minecraft:copper_ore":15,"minecraft:diorite":238,"minecraft:iron_ore":6,"minecraft:coal_ore":64,"minecraft:stone":5313},"minecraft:picked_up":{"minecraft:crafting_table":2,"minecraft:string":1,"minecraft:bone":26,"minecraft:bow":1,"minecraft:iron_ore":587,"minecraft:cherry_sign":1,"minecraft:chest":1,"minecraft:egg":1,"minecraft:copper_ore":14,"minecraft:stone":5206,"minecraft:diorite":235,"minecraft:arrow":23,"minecraft:coal_ore":64,"minecraft:rotten_flesh":2,"minecraft:glow_berries":2},"minecraft:used":{"minecraft:oak_fence":4,"minecraft:moss_block":1,"minecraft:chiseled_polished_blackstone":46,"minecraft:trident":18,"minecraft:light_blue_stained_glass_pane":120,"minecraft:water_bucket":405,"minecraft:netherite_sword":15,"minecraft:red_stained_glass":48,"minecraft:red_concrete":2,"minecraft:powered_rail":773,"minecraft:oak_planks":38,"minecraft:red_nether_bricks":574,"minecraft:oak_sign":48,"minecraft:chest":31,"minecraft:ender_chest":19,"minecraft:stone":606,"minecraft:redstone_block":155,"minecraft:composter":8,"minecraft:spruce_sign":5,"minecraft:red_nether_brick_stairs":102,"minecraft:beacon":3,"minecraft:gilded_blackstone":70,"minecraft:torch":231,"minecraft:dark_oak_trapdoor":93,"minecraft:glow_berries":11,"minecraft:anvil":1,"minecraft:dirt":320,"minecraft:soul_sand":1,"minecraft:rail":33,"minecraft:red_nether_brick_slab":8,"minecraft:vine":1059,"minecraft:light_blue_concrete":1,"minecraft:hopper":1,"minecraft:crafting_table":3,"minecraft:blue_ice":1354,"minecraft:nether_bricks":48,"minecraft:stone_stairs":107,"minecraft:carrot":610,"minecraft:deepslate_tile_slab":7,"minecraft:white_bed":16,"minecraft:tuff":1,"minecraft:glow_lichen":4,"minecraft:light_blue_stained_glass":49,"minecraft:dead_brain_coral_block":1,"minecraft:blue_concrete":1,"minecraft:nether_brick_stairs":28,"minecraft:crimson_fence_gate":48,"minecraft:small_dripleaf":4,"minecraft:deepslate_tiles":47,"minecraft:sticky_piston":1,"minecraft:glass":3383,"minecraft:mud":150,"minecraft:packed_ice":2,"minecraft:sea_lantern":333,"minecraft:lava_bucket":82,"minecraft:warped_trapdoor":2,"minecraft:coal_ore":1,"minecraft:villager_spawn_egg":13,"minecraft:grass_block":55,"minecraft:iron_block":7193,"minecraft:muddy_mangrove_roots":203,"minecraft:netherite_axe":23,"minecraft:netherite_hoe":324,"minecraft:stone_slab":5,"minecraft:spruce_trapdoor":261,"minecraft:cherry_sign":8,"minecraft:prismarine_slab":16,"minecraft:golden_carrot":8,"minecraft:black_stained_glass":12,"minecraft:magenta_wool":1,"minecraft:iron_trapdoor":95,"minecraft:mangrove_roots":1,"minecraft:deepslate_tile_stairs":49,"minecraft:netherite_pickaxe":5636,"minecraft:bucket":4,"minecraft:sea_pickle":51,"minecraft:stone_pressure_plate":21,"minecraft:seagrass":70},"minecraft:killed":{"minecraft:spider":1,"minecraft:creeper":1,"minecraft:skeleton":10,"minecraft:zombie":6,"minecraft:villager":3},"minecraft:dropped":{"minecraft:rotten_flesh":2,"minecraft:carrot":768,"minecraft:torch":1,"minecraft:iron_ore":576,"minecraft:string":1,"minecraft:egg":1},"minecraft:custom":{"minecraft:interact_with_anvil":10,"minecraft:mob_kills":22,"minecraft:inspect_hopper":4,"minecraft:tune_noteblock":5,"minecraft:interact_with_crafting_table":3,"minecraft:leave_game":8,"minecraft:time_since_death":339498,"minecraft:sleep_in_bed":1,"minecraft:climb_one_cm":6990,"minecraft:time_since_rest":107525,"minecraft:open_enderchest":3,"minecraft:sprint_one_cm":207358,"minecraft:damage_taken":409,"minecraft:walk_one_cm":344498,"minecraft:drop":26,"minecraft:damage_dealt":2587,"minecraft:interact_with_beacon":3,"minecraft:swim_one_cm":1673,"minecraft:talked_to_villager":7,"minecraft:fly_one_cm":4411599,"minecraft:open_chest":53,"minecraft:crouch_one_cm":1166,"minecraft:play_time":339498,"minecraft:sneak_time":10373,"minecraft:walk_under_water_one_cm":32993,"minecraft:jump":656,"minecraft:walk_on_water_one_cm":68769,"minecraft:total_world_time":339498,"minecraft:fall_one_cm":19356},"minecraft:crafted":{"minecraft:oak_planks":256,"minecraft:crafting_table":1,"minecraft:birch_planks":20,"minecraft:chest":34}},"DataVersion":3953}