{"stats":{"minecraft:mined":{"cobblemon:healing_machine":7,"minecraft:cobblestone_stairs":3,"cobblemon:pc":3,"minecraft:granite":2,"minecraft:beacon":2,"minecraft:copper_ore":5,"minecraft:tall_grass":3,"minecraft:deepslate_coal_ore":2,"minecraft:deepslate_copper_ore":2,"minecraft:andesite":1,"minecraft:grass":7,"minecraft:oak_log":2,"minecraft:coal_ore":83,"minecraft:cobblestone_slab":2,"minecraft:gravel":1,"minecraft:sand":1,"minecraft:stone":3,"minecraft:iron_block":18,"minecraft:player_head":1},"minecraft:killed":{"minecraft:cow":1},"minecraft:custom":{"minecraft:interact_with_smithing_table":3,"minecraft:mob_kills":1,"minecraft:traded_with_villager":6,"minecraft:leave_game":10,"minecraft:time_since_death":81885,"minecraft:climb_one_cm":256,"minecraft:time_since_rest":81885,"minecraft:sprint_one_cm":181048,"minecraft:damage_taken":388,"minecraft:walk_one_cm":150803,"minecraft:drop":19,"minecraft:damage_dealt":490,"minecraft:swim_one_cm":9958,"minecraft:talked_to_villager":4,"minecraft:fly_one_cm":601684,"minecraft:open_chest":11,"minecraft:crouch_one_cm":3572,"minecraft:play_time":81885,"minecraft:sneak_time":1954,"minecraft:walk_under_water_one_cm":17659,"minecraft:boat_one_cm":1890,"minecraft:jump":1897,"minecraft:interact_with_blast_furnace":2,"minecraft:walk_on_water_one_cm":8145,"minecraft:total_world_time":81885,"minecraft:fall_one_cm":50499},"minecraft:used":{"minecraft:diamond_hoe":16,"minecraft:granite":1,"cobblemon:healing_machine":3,"minecraft:diamond_pickaxe":133,"minecraft:map":1,"cobblemon:pc":2,"travelersbackpack:standard":1,"minecraft:smithing_table":1,"minecraft:bucket":1,"travelersbackpack:hose":5,"minecraft:oak_boat":1},"minecraft:picked_up":{"minecraft:andesite":1,"minecraft:leather":3,"minecraft:beacon":2,"minecraft:oak_log":2,"minecraft:cobblestone_stairs":2,"minecraft:raw_copper":25,"minecraft:wheat_seeds":1,"minecraft:beef":3,"minecraft:cobblestone_slab":2,"minecraft:player_head":1,"cobblemon:quick_ball":1,"cobblemon:moon_stone":1,"cobblemon:pc":3,"minecraft:sand":1,"cobblemon:healing_machine":4,"minecraft:iron_block":18,"minecraft:granite":2,"minecraft:coal":85,"minecraft:cobblestone":3},"minecraft:crafted":{"minecraft:oak_planks":8,"travelersbackpack:standard":1,"minecraft:air":0,"minecraft:oak_boat":1,"cobblemon:exp_candy_l":6},"minecraft:dropped":{"minecraft:wheat_seeds":1,"cobblemon:exp_candy_xl":4,"minecraft:cobblestone":1,"cobblemon:quick_ball":24,"minecraft:leather":3,"travelersbackpack:iron_tier_upgrade":1,"travelersbackpack:standard":1,"cobblemon:exp_share":6,"minecraft:cobblestone_stairs":2,"minecraft:filled_map":1,"travelersbackpack:gold_tier_upgrade":1,"cobblemon:healing_machine":1,"minecraft:diamond_pickaxe":1,"minecraft:andesite":1,"travelersbackpack:crafting_upgrade":1,"cobblemon:great_ball":32,"cobblemon:ultra_ball":12}},"DataVersion":3465}