{"stats":{"minecraft:mined":{"minecraft:crafting_table":2,"minecraft:chest":1,"minecraft:copper_ore":15,"minecraft:diorite":238,"minecraft:iron_ore":6,"minecraft:coal_ore":64,"minecraft:stone":5313},"minecraft:picked_up":{"minecraft:crafting_table":2,"minecraft:string":1,"minecraft:bone":26,"minecraft:bow":1,"minecraft:iron_ore":587,"minecraft:cherry_sign":1,"minecraft:chest":1,"minecraft:copper_ore":14,"minecraft:egg":1,"minecraft:stone":5206,"minecraft:diorite":235,"minecraft:arrow":23,"minecraft:coal_ore":64,"minecraft:rotten_flesh":2,"minecraft:glow_berries":2},"minecraft:used":{"minecraft:oak_fence":4,"minecraft:moss_block":1,"minecraft:chiseled_polished_blackstone":46,"minecraft:trident":18,"minecraft:light_blue_stained_glass_pane":120,"minecraft:water_bucket":290,"minecraft:netherite_sword":15,"minecraft:red_concrete":2,"minecraft:red_stained_glass":48,"minecraft:powered_rail":773,"minecraft:oak_planks":38,"minecraft:red_nether_bricks":574,"minecraft:chest":31,"minecraft:ender_chest":16,"minecraft:stone":606,"minecraft:composter":8,"minecraft:redstone_block":154,"minecraft:spruce_sign":5,"minecraft:red_nether_brick_stairs":102,"minecraft:beacon":3,"minecraft:gilded_blackstone":70,"minecraft:torch":231,"minecraft:glow_berries":11,"minecraft:red_nether_brick_slab":8,"minecraft:dirt":320,"minecraft:soul_sand":1,"minecraft:rail":33,"minecraft:anvil":1,"minecraft:vine":1059,"minecraft:light_blue_concrete":1,"minecraft:crafting_table":3,"minecraft:nether_bricks":48,"minecraft:white_bed":12,"minecraft:carrot":610,"minecraft:stone_stairs":107,"minecraft:deepslate_tile_slab":7,"minecraft:light_blue_stained_glass":49,"minecraft:tuff":1,"minecraft:glow_lichen":4,"minecraft:dead_brain_coral_block":1,"minecraft:blue_concrete":1,"minecraft:nether_brick_stairs":28,"minecraft:small_dripleaf":4,"minecraft:deepslate_tiles":47,"minecraft:glass":3237,"minecraft:mud":150,"minecraft:packed_ice":2,"minecraft:sea_lantern":333,"minecraft:lava_bucket":16,"minecraft:warped_trapdoor":2,"minecraft:coal_ore":1,"minecraft:villager_spawn_egg":12,"minecraft:grass_block":55,"minecraft:iron_block":170,"minecraft:muddy_mangrove_roots":203,"minecraft:netherite_axe":23,"minecraft:netherite_hoe":324,"minecraft:stone_slab":5,"minecraft:spruce_trapdoor":261,"minecraft:cherry_sign":8,"minecraft:prismarine_slab":16,"minecraft:golden_carrot":8,"minecraft:black_stained_glass":12,"minecraft:iron_trapdoor":95,"minecraft:mangrove_roots":1,"minecraft:deepslate_tile_stairs":49,"minecraft:bucket":4,"minecraft:netherite_pickaxe":5636,"minecraft:sea_pickle":51,"minecraft:seagrass":70},"minecraft:killed":{"minecraft:spider":1,"minecraft:creeper":1,"minecraft:skeleton":10,"minecraft:zombie":6,"minecraft:villager":3},"minecraft:dropped":{"minecraft:rotten_flesh":2,"minecraft:carrot":768,"minecraft:torch":1,"minecraft:iron_ore":576,"minecraft:string":1,"minecraft:egg":1},"minecraft:custom":{"minecraft:mob_kills":22,"minecraft:interact_with_anvil":10,"minecraft:interact_with_crafting_table":3,"minecraft:tune_noteblock":2,"minecraft:leave_game":7,"minecraft:time_since_death":269059,"minecraft:sleep_in_bed":1,"minecraft:climb_one_cm":6828,"minecraft:time_since_rest":37086,"minecraft:sprint_one_cm":193721,"minecraft:open_enderchest":3,"minecraft:damage_taken":409,"minecraft:walk_one_cm":331962,"minecraft:drop":26,"minecraft:damage_dealt":2587,"minecraft:interact_with_beacon":3,"minecraft:swim_one_cm":1673,"minecraft:talked_to_villager":7,"minecraft:fly_one_cm":2608566,"minecraft:open_chest":47,"minecraft:crouch_one_cm":853,"minecraft:play_time":269059,"minecraft:sneak_time":6814,"minecraft:walk_under_water_one_cm":16444,"minecraft:jump":529,"minecraft:walk_on_water_one_cm":17996,"minecraft:total_world_time":269059,"minecraft:fall_one_cm":19356},"minecraft:crafted":{"minecraft:oak_planks":256,"minecraft:crafting_table":1,"minecraft:birch_planks":20,"minecraft:chest":34}},"DataVersion":3953}