{"stats":{"minecraft:used":{"minecraft:small_dripleaf":4,"minecraft:moss_block":1,"minecraft:glass":1677,"minecraft:mud":150,"minecraft:water_bucket":218,"minecraft:packed_ice":2,"minecraft:sea_lantern":52,"minecraft:rail":32,"minecraft:iron_trapdoor":95,"minecraft:muddy_mangrove_roots":203,"minecraft:powered_rail":737,"minecraft:oak_planks":38,"minecraft:red_nether_bricks":31,"minecraft:stone_stairs":107,"minecraft:sea_pickle":51,"minecraft:glow_lichen":4,"minecraft:spruce_trapdoor":184,"minecraft:redstone_block":126,"minecraft:spruce_sign":5,"minecraft:seagrass":70},"minecraft:custom":{"minecraft:time_since_rest":47369,"minecraft:play_time":47369,"minecraft:sprint_one_cm":501,"minecraft:walk_one_cm":3629,"minecraft:sneak_time":356,"minecraft:jump":15,"minecraft:time_since_death":47369,"minecraft:total_world_time":47369,"minecraft:fall_one_cm":209,"minecraft:fly_one_cm":726612}},"DataVersion":3953}