{"stats":{"minecraft:mined":{"minecraft:crafting_table":2,"minecraft:chest":1,"minecraft:copper_ore":15,"minecraft:diorite":238,"minecraft:iron_ore":6,"minecraft:coal_ore":64,"minecraft:stone":5313},"minecraft:picked_up":{"minecraft:crafting_table":2,"minecraft:string":1,"minecraft:bone":26,"minecraft:bow":1,"minecraft:detector_rail":2,"minecraft:comparator":1,"minecraft:iron_ingot":13854,"minecraft:cherry_sign":1,"minecraft:iron_ore":587,"minecraft:poppy":2595,"minecraft:chest":1,"minecraft:egg":4,"minecraft:copper_ore":14,"minecraft:stone":5206,"minecraft:diorite":235,"minecraft:carrot":7,"minecraft:redstone":2,"minecraft:arrow":23,"minecraft:coal_ore":64,"minecraft:rotten_flesh":2,"minecraft:gold_ingot":15,"minecraft:glow_berries":2,"minecraft:rail":1},"minecraft:used":{"minecraft:moss_block":1,"minecraft:oak_fence":4,"minecraft:chiseled_polished_blackstone":46,"minecraft:trident":18,"minecraft:light_blue_stained_glass_pane":120,"minecraft:water_bucket":406,"minecraft:netherite_sword":15,"minecraft:diorite":3,"minecraft:red_concrete":2,"minecraft:red_stained_glass":48,"minecraft:redstone":51,"minecraft:powered_rail":925,"minecraft:oak_planks":38,"minecraft:red_nether_bricks":574,"minecraft:oak_sign":61,"minecraft:chest":63,"minecraft:tinted_glass":2,"minecraft:ender_chest":19,"minecraft:stone":693,"minecraft:redstone_block":181,"minecraft:composter":15,"minecraft:spruce_sign":5,"minecraft:red_nether_brick_stairs":102,"minecraft:beacon":3,"minecraft:oak_leaves":172,"minecraft:gilded_blackstone":70,"minecraft:torch":447,"minecraft:anvil":2,"minecraft:glow_berries":11,"minecraft:dark_oak_trapdoor":93,"minecraft:dirt":323,"minecraft:soul_sand":1,"minecraft:rail":107,"minecraft:red_nether_brick_slab":8,"minecraft:comparator":19,"minecraft:vine":1059,"minecraft:light_blue_concrete":1,"minecraft:hopper":59,"minecraft:crafting_table":3,"minecraft:nether_bricks":48,"minecraft:stone_stairs":107,"minecraft:deepslate_tile_slab":7,"minecraft:carrot":614,"minecraft:blue_ice":1364,"minecraft:white_bed":42,"minecraft:blue_concrete":1,"minecraft:granite":5,"minecraft:tuff":1,"minecraft:glow_lichen":4,"minecraft:dead_brain_coral_block":1,"minecraft:light_blue_stained_glass":49,"minecraft:nether_brick_stairs":28,"minecraft:crimson_fence_gate":48,"minecraft:small_dripleaf":4,"minecraft:deepslate_tiles":47,"minecraft:redstone_torch":8,"minecraft:sticky_piston":8,"minecraft:glass":3444,"minecraft:mud":150,"minecraft:packed_ice":2,"minecraft:sea_lantern":333,"minecraft:activator_rail":1,"minecraft:lava_bucket":85,"minecraft:warped_trapdoor":2,"minecraft:coal_ore":1,"minecraft:villager_spawn_egg":46,"minecraft:grass_block":55,"minecraft:iron_block":7479,"minecraft:muddy_mangrove_roots":203,"minecraft:netherite_axe":23,"minecraft:detector_rail":7,"minecraft:netherite_hoe":327,"minecraft:stone_slab":5,"minecraft:spruce_trapdoor":261,"minecraft:cherry_sign":8,"minecraft:hopper_minecart":24,"minecraft:deepslate":1,"minecraft:prismarine_slab":16,"minecraft:bedrock":1,"minecraft:repeater":4,"minecraft:golden_carrot":8,"minecraft:black_stained_glass":12,"minecraft:magenta_wool":1,"minecraft:iron_trapdoor":95,"minecraft:scaffolding":3,"minecraft:mangrove_roots":1,"minecraft:deepslate_tile_stairs":49,"minecraft:minecart":54,"minecraft:netherite_pickaxe":5636,"minecraft:bucket":4,"minecraft:sea_pickle":51,"minecraft:stone_pressure_plate":21,"minecraft:seagrass":70,"minecraft:pillager_spawn_egg":37},"minecraft:killed":{"minecraft:spider":1,"minecraft:creeper":1,"minecraft:skeleton":10,"minecraft:zombie":6,"minecraft:villager":3},"minecraft:dropped":{"minecraft:iron_ingot":718,"minecraft:rotten_flesh":2,"minecraft:carrot":2310,"minecraft:poppy":131,"minecraft:torch":1,"minecraft:iron_ore":576,"minecraft:string":1,"minecraft:egg":1},"minecraft:custom":{"minecraft:mob_kills":22,"minecraft:interact_with_anvil":11,"minecraft:inspect_hopper":58,"minecraft:tune_noteblock":5,"minecraft:interact_with_crafting_table":3,"minecraft:leave_game":10,"minecraft:time_since_death":3318,"minecraft:sleep_in_bed":2,"minecraft:climb_one_cm":8584,"minecraft:time_since_rest":3358,"minecraft:open_enderchest":3,"minecraft:sprint_one_cm":224428,"minecraft:damage_taken":409,"minecraft:walk_one_cm":516036,"minecraft:drop":135,"minecraft:minecart_one_cm":1408,"minecraft:damage_dealt":2657,"minecraft:interact_with_beacon":3,"minecraft:swim_one_cm":1673,"minecraft:talked_to_villager":7,"minecraft:fly_one_cm":5417044,"minecraft:open_chest":97,"minecraft:crouch_one_cm":5035,"minecraft:play_time":492674,"minecraft:deaths":1,"minecraft:sneak_time":16788,"minecraft:walk_under_water_one_cm":34866,"minecraft:jump":1015,"minecraft:walk_on_water_one_cm":72128,"minecraft:total_world_time":492674,"minecraft:fall_one_cm":19356},"minecraft:crafted":{"minecraft:oak_planks":256,"minecraft:crafting_table":1,"minecraft:birch_planks":20,"minecraft:chest":34}},"DataVersion":3953}