{"stats":{"minecraft:used":{"minecraft:armadillo_spawn_egg":1,"minecraft:hopper":4,"minecraft:grass_block":38},"minecraft:custom":{"minecraft:jump":38,"minecraft:time_since_rest":57873,"minecraft:damage_taken":75,"minecraft:damage_dealt":30,"minecraft:crouch_one_cm":1,"minecraft:leave_game":6,"minecraft:sprint_one_cm":4315,"minecraft:play_time":62125,"minecraft:walk_one_cm":4052,"minecraft:time_since_death":57841,"minecraft:deaths":1,"minecraft:sneak_time":90,"minecraft:total_world_time":62125,"minecraft:fall_one_cm":1730,"minecraft:fly_one_cm":147207}},"DataVersion":3953}