{"stats":{"minecraft:mined":{"megamons:anistarite_geode_block":1,"minecraft:deepslate_diamond_ore":9,"megamons:kangaskhanite_crystal_ore":1,"megamons:crystal_shiny_stone_ore":5,"minecraft:crafting_table":1,"minecraft:grass_block":1,"minecraft:chest":2,"megamons:crystal_water_stone_ore":5,"megamons:crystal_fire_stone_ore":10,"megamons:crystal_moon_stone_ore":4,"megamons:crystal_dusk_stone_ore":5,"minecraft:moss_block":1,"minecraft:sculk":21,"megamons:mawilite_crystal_ore":1,"megamons:charizarditex_crystal_ore":1,"megamons:steelixite_crystal_ore":1,"minecraft:sea_pickle":1,"minecraft:iron_ore":2,"minecraft:spruce_log":3,"megamons:pinsirite_crystal_ore":1,"megamons:crystal_dawn_stone_ore":13,"megamons:crystal_sun_stone_ore":10,"megamons:crystal_ice_stone_ore":8,"minecraft:stone":3,"megamons:ampharosite_crystal_ore":1,"megamons:crystal_thunder_stone_ore":10,"megamons:crystal_leaf_stone_ore":4},"minecraft:picked_up":{"cobblemon:leaf_stone":4,"minecraft:crafting_table":1,"megamons:raw_kangaskhanite":1,"minecraft:lead":2,"minecraft:wooden_pickaxe":1,"minecraft:enchanted_book":2,"minecraft:potion":3,"minecraft:diamond_horse_armor":1,"megamons:anistarite_geode_block":1,"megamons:raw_charizarditex":1,"minecraft:music_disc_cat":1,"minecraft:dirt":1,"minecraft:disc_fragment_5":7,"minecraft:iron_leggings":1,"cobblemon:white_apricorn":2,"minecraft:experience_bottle":4,"minecraft:bone":8,"cobblemon:link_cable":1,"minecraft:sea_pickle":6,"cobblemon:black_apricorn":9,"megamons:raw_ampharosite":1,"cobblemon:white_apricorn_seed":1,"minecraft:spruce_planks":3,"minecraft:music_disc_otherside":1,"cobblemon:thunder_stone":10,"cobblemon:dusk_stone":5,"cobblemon:moon_stone":4,"minecraft:enchanted_golden_apple":2,"minecraft:moss_block":1,"minecraft:chest":2,"megamons:raw_steelixite":1,"minecraft:diamond_hoe":1,"megamons:raw_pinsirite":1,"minecraft:book":3,"minecraft:sculk_catalyst":1,"cobblemon:sun_stone":11,"minecraft:raw_iron":2,"minecraft:music_disc_13":1,"minecraft:sweet_berries":50,"minecraft:sculk":21,"cobblemon:shiny_stone":5,"cobblemon:fire_stone":10,"minecraft:gravel":2,"megamons:raw_mawilite":1,"minecraft:amethyst_shard":11,"minecraft:soul_torch":20,"minecraft:spruce_log":3,"cobblemon:dawn_stone":13,"minecraft:diamond":9,"cobblemon:ice_stone":8,"minecraft:ward_armor_trim_smithing_template":1,"cobblemon:water_stone":5,"minecraft:coal":46,"cobblemon:blue_apricorn":2,"minecraft:cobblestone":3},"minecraft:killed_by":{"minecraft:skeleton":1},"minecraft:crafted":{"minecraft:crafting_table":1,"minecraft:spruce_planks":12,"minecraft:wooden_pickaxe":1,"minecraft:stick":4,"minecraft:stone_pickaxe":1},"minecraft:custom":{"minecraft:mob_kills":4,"minecraft:interact_with_crafting_table":2,"minecraft:leave_game":4,"minecraft:time_since_death":58573,"minecraft:time_since_rest":94553,"minecraft:sprint_one_cm":34594,"minecraft:damage_taken":454,"minecraft:walk_one_cm":62697,"minecraft:drop":21,"minecraft:damage_dealt":505,"minecraft:fly_one_cm":499149,"minecraft:open_chest":16,"minecraft:crouch_one_cm":3256,"minecraft:play_time":109475,"minecraft:deaths":1,"minecraft:sneak_time":4867,"minecraft:walk_under_water_one_cm":129363,"minecraft:jump":481,"minecraft:walk_on_water_one_cm":43531,"minecraft:total_world_time":109475,"minecraft:fall_one_cm":14690},"minecraft:killed":{"cobblemon:pokemon":4},"minecraft:dropped":{"minecraft:enchanted_book":3,"minecraft:compass":1,"cobblemon:blue_apricorn":2,"minecraft:glass_bottle":1,"cobblemon:sun_stone":1,"minecraft:diamond_hoe":1,"minecraft:diamond_leggings":1,"minecraft:lead":3,"minecraft:book":8,"minecraft:name_tag":3,"cobblemon:black_apricorn":3,"megamons:anistarite_geode_block":1,"minecraft:music_disc_13":1,"cobblemon:white_apricorn":2,"minecraft:spruce_planks":3,"minecraft:potion":1,"minecraft:iron_leggings":1,"minecraft:amethyst_shard":33,"minecraft:wooden_pickaxe":1},"minecraft:used":{"minecraft:moss_block":1,"minecraft:water_bucket":1,"minecraft:stone_pickaxe":6,"minecraft:diamond_hoe":21,"minecraft:chest":2,"minecraft:wooden_pickaxe":3,"minecraft:stone":254,"minecraft:sculk":21,"minecraft:soul_sand":1,"minecraft:dirt":1,"minecraft:crafting_table":1,"minecraft:sponge":347,"minecraft:oak_fence_gate":50,"minecraft:glass":179,"minecraft:diamond_pickaxe":90,"minecraft:magma_block":1,"minecraft:potion":1,"minecraft:sweet_berries":8,"minecraft:kelp":104,"minecraft:diamond_leggings":1,"minecraft:experience_bottle":12}},"DataVersion":3465}