{"stats":{"minecraft:killed":{"minecraft:pig":4,"minecraft:vindicator":1,"minecraft:sheep":8,"minecraft:pillager":1,"minecraft:zombie":1,"minecraft:cow":4},"minecraft:dropped":{"travelersbackpack:black_sleeping_bag":1,"minecraft:glow_berries":5,"cobblemon:red_apricorn":1},"minecraft:crafted":{"minecraft:spruce_planks":8},"minecraft:used":{"minecraft:diorite":9,"megamons:anistarite_rough_geode_block":3,"minecraft:decorated_pot":1,"minecraft:iron_sword":23,"minecraft:rotten_flesh":2,"minecraft:white_wool":7,"minecraft:glow_berries":17,"minecraft:mossy_cobblestone":3,"minecraft:mutton":13,"minecraft:tuff":3,"minecraft:iron_pickaxe":167,"minecraft:pink_petals":12,"minecraft:cobblestone":14,"minecraft:beef":9,"minecraft:sweet_berries":5,"minecraft:porkchop":9,"minecraft:egg":2,"minecraft:diamond_leggings":1,"travelersbackpack:orange_sleeping_bag":5},"minecraft:picked_up":{"minecraft:pink_petals":12,"minecraft:lilac":1,"minecraft:cooked_beef":1,"minecraft:leather":7,"cobblemon:red_apricorn":1,"minecraft:gold_block":1,"minecraft:tuff":11,"cobblemon:slate_ball":4,"travelersbackpack:orange_sleeping_bag":6,"minecraft:lapis_lazuli":8,"minecraft:dirt":7,"minecraft:blackstone":1,"minecraft:diamond_leggings":1,"minecraft:wheat_seeds":6,"minecraft:raw_gold":1,"minecraft:cobbled_deepslate":54,"cobblemon:green_apricorn":2,"minecraft:spore_blossom":1,"minecraft:spruce_wood":1,"minecraft:oak_fence_gate":1,"minecraft:beef":9,"travelersbackpack:black_sleeping_bag":1,"minecraft:bamboo":11,"minecraft:egg":2,"cobblemon:azure_ball":4,"minecraft:raw_iron":2,"minecraft:smooth_basalt":2,"minecraft:sweet_berries":5,"minecraft:torch":2,"cobblemon:shiny_stone":1,"minecraft:porkchop":9,"minecraft:stripped_spruce_log":2,"minecraft:diorite":35,"minecraft:spruce_log":2,"minecraft:redstone":13,"minecraft:mossy_cobblestone":3,"megamons:anistarite_rough_geode_block":3,"minecraft:rotten_flesh":2,"minecraft:decorated_pot":1,"minecraft:granite":1,"minecraft:gray_wool":1,"minecraft:emerald":1,"minecraft:glow_berries":1,"cobblemon:verdant_ball":5,"minecraft:mutton":13,"minecraft:coal":4,"minecraft:white_wool":7,"minecraft:cobblestone":190},"minecraft:custom":{"minecraft:mob_kills":20,"minecraft:open_barrel":33,"minecraft:leave_game":2,"minecraft:time_since_death":19844,"minecraft:sleep_in_bed":6,"minecraft:climb_one_cm":7834,"minecraft:time_since_rest":14979,"minecraft:sprint_one_cm":170369,"minecraft:damage_taken":1127,"minecraft:walk_one_cm":123401,"minecraft:drop":3,"minecraft:damage_dealt":2145,"minecraft:swim_one_cm":15902,"minecraft:fly_one_cm":303539,"minecraft:open_chest":5,"minecraft:crouch_one_cm":3849,"minecraft:play_time":72402,"minecraft:deaths":2,"minecraft:sneak_time":2207,"minecraft:walk_under_water_one_cm":75029,"minecraft:jump":1745,"minecraft:walk_on_water_one_cm":4051,"minecraft:total_world_time":72402,"minecraft:fall_one_cm":53251},"minecraft:killed_by":{"minecraft:creeper":1},"minecraft:mined":{"megamons:anistarite_rough_geode_block":1,"minecraft:tuff":8,"minecraft:blackstone":1,"minecraft:mossy_cobblestone":4,"cobblemon:apricorn_leaves":1,"minecraft:cave_vines_plant":1,"minecraft:granite":1,"minecraft:grass_block":3,"minecraft:decorated_pot":1,"cobblemon:chesto_berry":1,"minecraft:tall_grass":11,"minecraft:cobblestone":2,"minecraft:spruce_leaves":12,"minecraft:sculk":2,"minecraft:diorite":19,"minecraft:redstone_ore":3,"minecraft:iron_ore":2,"minecraft:sweet_berry_bush":2,"minecraft:lilac":1,"minecraft:spruce_log":2,"minecraft:stripped_spruce_log":2,"minecraft:peony":1,"minecraft:gold_block":1,"minecraft:grass":14,"minecraft:coal_ore":2,"minecraft:cave_vines":1,"minecraft:dirt":4,"minecraft:smooth_basalt":2,"minecraft:spruce_wood":1,"minecraft:bamboo":1,"minecraft:stone":76,"minecraft:deepslate":37,"travelersbackpack:orange_sleeping_bag":5,"minecraft:fern":4}},"DataVersion":3465}