{"stats":{"minecraft:custom":{"minecraft:mob_kills":50,"minecraft:interact_with_crafting_table":11,"minecraft:open_barrel":304,"minecraft:leave_game":13,"minecraft:time_since_death":60115,"minecraft:climb_one_cm":12042,"minecraft:sprint_one_cm":676627,"minecraft:walk_one_cm":594756,"minecraft:drop":11,"minecraft:talked_to_villager":8,"minecraft:play_time":271935,"minecraft:deaths":16,"minecraft:sneak_time":8405,"minecraft:walk_under_water_one_cm":107070,"minecraft:jump":4741,"minecraft:interact_with_blast_furnace":57,"minecraft:walk_on_water_one_cm":44125,"minecraft:total_world_time":271935,"minecraft:interact_with_furnace":4,"minecraft:sleep_in_bed":20,"minecraft:time_since_rest":12014,"minecraft:damage_taken":6439,"minecraft:damage_dealt":6597,"minecraft:fly_one_cm":1008472,"minecraft:swim_one_cm":89457,"minecraft:open_chest":75,"minecraft:crouch_one_cm":22608,"minecraft:interact_with_smoker":1,"minecraft:fall_one_cm":155967},"minecraft:picked_up":{"minecraft:crafting_table":5,"minecraft:coarse_dirt":44,"minecraft:wheat":2,"minecraft:smithing_table":1,"minecraft:chicken":13,"minecraft:clay_ball":2,"minecraft:ladder":4,"minecraft:golden_pickaxe":1,"cobblemon:yellow_apricorn":21,"cobblemon:red_apricorn":16,"minecraft:stone_slab":3,"minecraft:oak_stairs":2,"minecraft:gold_block":3,"minecraft:enchanted_book":34,"minecraft:chain":6,"minecraft:brewing_stand":3,"minecraft:raw_copper":54,"minecraft:moss_carpet":4,"cobblemon:wepear_berry":54,"minecraft:string":14,"minecraft:stone_stairs":2,"minecraft:flint_and_steel":2,"minecraft:iron_leggings":3,"cobblemon:white_apricorn":22,"minecraft:iron_shovel":4,"minecraft:blackstone":5,"cobblemon:link_cable":5,"minecraft:diamond_leggings":1,"minecraft:candle":21,"minecraft:cobbled_deepslate":218,"cobblemon:green_apricorn":41,"minecraft:spruce_planks":7,"minecraft:deepslate_diamond_ore":1,"minecraft:beef":41,"minecraft:echo_shard":21,"cobblemon:oran_berry":62,"cobblemon:relic_coin":119,"travelersbackpack:black_sleeping_bag":1,"cobblemon:big_root":2,"cobblemon:quick_ball":6,"minecraft:chest":1,"minecraft:diamond_ore":3,"minecraft:spruce_trapdoor":104,"cobblemon:chople_berry":3,"minecraft:egg":8,"minecraft:diamond_hoe":2,"minecraft:furnace":6,"minecraft:stick":4,"minecraft:raw_iron":22,"travelersbackpack:yellow_sleeping_bag":2,"cobblemon:pc":2,"minecraft:raw_gold_block":6,"minecraft:copper_ingot":120,"minecraft:torch":4,"minecraft:spruce_stairs":48,"minecraft:fire_charge":12,"minecraft:porkchop":11,"minecraft:diorite":113,"minecraft:redstone":91,"minecraft:prismarine_crystals":10,"minecraft:cauldron":2,"minecraft:honey_bottle":1,"minecraft:arrow":10,"minecraft:rotten_flesh":2,"minecraft:decorated_pot":1,"minecraft:golden_hoe":2,"cobblemon:relic_coin_pouch":6,"minecraft:gold_ingot":8,"minecraft:ward_armor_trim_smithing_template":9,"minecraft:saddle":3,"minecraft:totem_of_undying":3,"minecraft:glow_berries":3,"minecraft:mutton":13,"cobblemon:verdant_ball":11,"cobblemon:blue_apricorn":13,"minecraft:skeleton_skull":1,"minecraft:white_wool":7,"minecraft:cobblestone":799,"minecraft:pink_petals":12,"minecraft:feather":3,"minecraft:lilac":1,"minecraft:cooked_beef":4,"minecraft:medium_amethyst_bud":5,"cobblemon:relic_coin_sack":3,"minecraft:brown_wool":1,"minecraft:leather":41,"cobblemon:kebia_berry":51,"minecraft:powder_snow_bucket":8,"minecraft:potato":30,"minecraft:flint":10,"minecraft:tuff":27,"cobblemon:slate_ball":12,"minecraft:cobblestone_wall":2,"minecraft:cobblestone_stairs":4,"megamons:anistarite_geode_block":41,"cobblemon:pink_apricorn_seed":6,"travelersbackpack:orange_sleeping_bag":9,"minecraft:lapis_lazuli":32,"minecraft:blue_bed":6,"minecraft:dirt":46,"minecraft:paper":16,"minecraft:lantern":4,"minecraft:disc_fragment_5":3,"cobblemon:eviolite":2,"minecraft:purple_carpet":16,"minecraft:bone":7,"minecraft:stonecutter":2,"minecraft:wheat_seeds":37,"cobblemon:black_apricorn":10,"minecraft:raw_gold":41,"minecraft:spore_blossom":3,"minecraft:grindstone":2,"minecraft:spruce_wood":1,"minecraft:iron_ingot":20,"minecraft:oak_fence_gate":3,"minecraft:rabbit":2,"minecraft:bamboo":44,"minecraft:diamond_helmet":1,"minecraft:glass_bottle":1,"minecraft:moss_block":18,"minecraft:iron_sword":3,"cobblemon:azure_ball":8,"minecraft:book":19,"minecraft:sculk_catalyst":18,"cobblemon:sun_stone":2,"minecraft:smooth_basalt":2,"cobblemon:kasib_berry":6,"minecraft:black_candle":17,"minecraft:sweet_berries":9,"cobblemon:black_apricorn_seed":1,"cobblemon:blue_apricorn_seed":1,"minecraft:raw_iron_block":2,"cobblemon:shiny_stone":3,"cobblemon:fossil_analyzer":2,"minecraft:stripped_spruce_log":103,"cobblemon:pink_apricorn":33,"minecraft:blast_furnace":6,"minecraft:spruce_log":66,"cobblemon:aspear_berry":153,"minecraft:spider_eye":1,"minecraft:barrel":17,"minecraft:mossy_cobblestone":3,"megamons:anistarite_rough_geode_block":3,"cobblemon:restoration_tank":4,"cobblemon:healing_machine":3,"minecraft:white_candle":12,"minecraft:sculk_sensor":18,"minecraft:diamond":1,"minecraft:granite":2,"minecraft:grass":3,"cobblemon:pasture":3,"minecraft:gray_wool":4,"cobblemon:ice_stone":3,"minecraft:emerald":6,"minecraft:bread":1,"cobblemon:medicinal_leek":42,"cobblemon:chesto_berry":115,"minecraft:damaged_anvil":2,"minecraft:coal":7,"minecraft:ender_pearl":18},"minecraft:mined":{"cobblemon:healing_machine":3,"minecraft:tuff":8,"cobblemon:pasture":3,"cobblemon:kasib_berry":1,"minecraft:mossy_cobblestone":4,"minecraft:candle":2,"minecraft:cobblestone_stairs":2,"cobblemon:pc":2,"minecraft:sea_lantern":4,"minecraft:brewing_stand":1,"minecraft:ladder":4,"minecraft:spruce_trapdoor":98,"minecraft:cave_vines_plant":2,"minecraft:granite":1,"minecraft:budding_amethyst":1,"minecraft:grass_block":3,"minecraft:infested_cobblestone":2,"minecraft:decorated_pot":2,"cobblemon:chesto_berry":1,"minecraft:spruce_leaves":32,"cobblemon:fossil_analyzer":1,"minecraft:kelp":1,"minecraft:spawner":6,"cobblemon:ice_stone_ore":1,"minecraft:large_fern":2,"minecraft:raw_iron_block":2,"minecraft:redstone_ore":3,"minecraft:furnace":6,"minecraft:iron_ore":4,"minecraft:barrel":16,"minecraft:andesite":3,"minecraft:stripped_spruce_log":103,"minecraft:gold_block":1,"minecraft:peony":1,"minecraft:water_cauldron":1,"minecraft:cave_vines":2,"travelersbackpack:yellow_sleeping_bag":1,"minecraft:oak_stairs":1,"minecraft:purple_carpet":14,"cobblemon:white_apricorn":2,"minecraft:black_candle":3,"minecraft:packed_ice":2,"minecraft:spruce_wood":1,"minecraft:bamboo":1,"minecraft:stone":156,"travelersbackpack:orange_sleeping_bag":8,"minecraft:smithing_table":1,"megamons:anistarite_rough_geode_block":1,"megamons:anistarite_geode_block":3,"minecraft:blackstone":1,"minecraft:kelp_plant":1,"minecraft:torch":2,"cobblemon:apricorn_leaves":8,"minecraft:crafting_table":4,"minecraft:blast_furnace":6,"minecraft:chest":1,"minecraft:copper_ore":1,"minecraft:tall_grass":14,"minecraft:cobblestone":25,"minecraft:white_candle":1,"minecraft:damaged_anvil":1,"minecraft:grindstone":1,"cobblemon:relic_coin_sack":2,"minecraft:sculk":2,"minecraft:diorite":19,"cobblemon:relic_coin_pouch":7,"minecraft:blue_bed":4,"minecraft:spruce_stairs":43,"minecraft:stone_stairs":2,"minecraft:chain":3,"minecraft:coarse_dirt":15,"cobblemon:restoration_tank":2,"minecraft:cobblestone_wall":1,"minecraft:wheat":2,"minecraft:sweet_berry_bush":2,"minecraft:ice":1,"minecraft:lilac":1,"minecraft:spruce_log":42,"minecraft:grass":22,"minecraft:coal_ore":2,"minecraft:dirt":6,"minecraft:cobweb":4,"minecraft:smooth_basalt":2,"cobblemon:sun_stone_ore":1,"minecraft:stonecutter":2,"minecraft:deepslate":39,"minecraft:fern":7,"minecraft:suspicious_gravel":2},"minecraft:used":{"minecraft:flint_and_steel":5,"megamons:anistarite_rough_geode_block":3,"minecraft:iron_shovel":12,"minecraft:ladder":4,"minecraft:chest":5,"minecraft:decorated_pot":1,"minecraft:spruce_planks":5,"minecraft:iron_sword":131,"minecraft:rotten_flesh":2,"cobblemon:pasture":4,"minecraft:torch":4,"minecraft:dirt":16,"minecraft:mutton":13,"minecraft:spruce_stairs":38,"minecraft:stone_stairs":1,"minecraft:tuff":11,"minecraft:granite":1,"minecraft:stripped_spruce_log":91,"minecraft:honey_bottle":2,"minecraft:lantern":2,"minecraft:iron_axe":333,"minecraft:barrel":17,"cobblemon:pc":1,"minecraft:beef":9,"minecraft:sweet_berries":9,"minecraft:furnace":3,"minecraft:egg":2,"minecraft:cooked_beef":1,"cobblemon:relic_coin_sack":2,"minecraft:powder_snow_bucket":1,"minecraft:diorite":9,"minecraft:rabbit":2,"minecraft:stonecutter":2,"minecraft:blue_bed":5,"minecraft:white_wool":7,"minecraft:glow_berries":18,"minecraft:mossy_cobblestone":3,"minecraft:golden_hoe":1,"cobblemon:relic_coin_pouch":9,"minecraft:blast_furnace":4,"minecraft:crafting_table":4,"cobblemon:restoration_tank":2,"cobblemon:healing_machine":3,"minecraft:spruce_log":12,"minecraft:apple":6,"minecraft:bread":24,"minecraft:chicken":1,"minecraft:iron_pickaxe":306,"minecraft:spruce_trapdoor":138,"minecraft:pink_petals":12,"minecraft:cobblestone":38,"minecraft:black_candle":7,"minecraft:candle":7,"cobblemon:fossil_analyzer":1,"minecraft:smithing_table":1,"minecraft:porkchop":11,"travelersbackpack:orange_sleeping_bag":8,"travelersbackpack:yellow_sleeping_bag":1,"minecraft:bucket":1,"minecraft:pumpkin_pie":1,"minecraft:purple_carpet":16,"minecraft:coarse_dirt":42,"minecraft:diamond_leggings":1,"minecraft:golden_pickaxe":32},"minecraft:killed_by":{"minecraft:creeper":3,"minecraft:skeleton":5,"minecraft:vex":3},"minecraft:dropped":{"minecraft:crafting_table":1,"travelersbackpack:black_sleeping_bag":1,"minecraft:glow_berries":5,"minecraft:diamond_helmet":1,"minecraft:wooden_sword":1,"cobblemon:red_apricorn":1,"minecraft:bone":5,"cobblemon:relic_coin":1,"travelersbackpack:yellow_sleeping_bag":1,"minecraft:spruce_planks":3,"minecraft:spider_eye":1},"minecraft:killed":{"minecraft:cave_spider":3,"minecraft:spider":3,"minecraft:vindicator":1,"minecraft:skeleton":7,"minecraft:silverfish":1,"minecraft:pig":4,"cobblemon:pokemon":3,"minecraft:creeper":1,"minecraft:sheep":8,"minecraft:pillager":1,"minecraft:zombie":4,"minecraft:cow":13},"minecraft:crafted":{"minecraft:raw_iron":18,"minecraft:hopper":1,"cobblemon:relic_coin_sack":1,"minecraft:chest":5,"cobblemon:pasture":1,"minecraft:spruce_planks":192,"minecraft:air":0,"minecraft:spruce_trapdoor":38,"minecraft:raw_gold":27,"minecraft:stick":8,"minecraft:iron_ingot":18,"minecraft:iron_pickaxe":1,"cobblemon:relic_coin_pouch":12},"minecraft:broken":{"minecraft:leather_helmet":1,"minecraft:iron_axe":1,"minecraft:iron_pickaxe":1,"minecraft:golden_pickaxe":1}},"DataVersion":3465}