{"stats":{"minecraft:killed":{"minecraft:sheep":2,"minecraft:zombie":1,"minecraft:pig":1,"minecraft:cow":1},"minecraft:dropped":{"travelersbackpack:black_sleeping_bag":1,"minecraft:glow_berries":5,"cobblemon:red_apricorn":1},"minecraft:used":{"megamons:anistarite_rough_geode_block":3,"minecraft:iron_pickaxe":42,"minecraft:rotten_flesh":2,"minecraft:glow_berries":16,"minecraft:mutton":3,"minecraft:cobblestone":14,"minecraft:egg":2,"travelersbackpack:orange_sleeping_bag":1,"minecraft:diamond_leggings":1},"minecraft:picked_up":{"cobblemon:azure_ball":4,"minecraft:raw_iron":2,"minecraft:leather":2,"cobblemon:red_apricorn":1,"cobblemon:shiny_stone":1,"minecraft:porkchop":1,"minecraft:tuff":3,"cobblemon:slate_ball":1,"minecraft:redstone":13,"travelersbackpack:orange_sleeping_bag":2,"minecraft:lapis_lazuli":8,"minecraft:dirt":1,"megamons:anistarite_rough_geode_block":3,"minecraft:rotten_flesh":2,"minecraft:diamond_leggings":1,"cobblemon:green_apricorn":2,"minecraft:cobbled_deepslate":17,"minecraft:raw_gold":1,"minecraft:beef":1,"minecraft:oak_fence_gate":1,"travelersbackpack:black_sleeping_bag":1,"minecraft:mutton":3,"cobblemon:verdant_ball":1,"minecraft:white_wool":2,"minecraft:cobblestone":125,"minecraft:egg":2},"minecraft:custom":{"minecraft:time_since_rest":10951,"minecraft:sprint_one_cm":46634,"minecraft:damage_taken":191,"minecraft:walk_one_cm":53457,"minecraft:mob_kills":5,"minecraft:drop":3,"minecraft:damage_dealt":560,"minecraft:swim_one_cm":5747,"minecraft:fly_one_cm":46672,"minecraft:open_barrel":31,"minecraft:open_chest":2,"minecraft:crouch_one_cm":1676,"minecraft:play_time":30402,"minecraft:sneak_time":863,"minecraft:walk_under_water_one_cm":52114,"minecraft:jump":377,"minecraft:leave_game":2,"minecraft:time_since_death":30402,"minecraft:walk_on_water_one_cm":380,"minecraft:sleep_in_bed":3,"minecraft:total_world_time":30402,"minecraft:fall_one_cm":7985},"minecraft:mined":{"megamons:anistarite_rough_geode_block":1,"minecraft:redstone_ore":3,"minecraft:iron_ore":2,"minecraft:grass":1,"minecraft:cave_vines":1,"minecraft:dirt":1,"cobblemon:chesto_berry":1,"minecraft:stone":31,"travelersbackpack:orange_sleeping_bag":1,"minecraft:fern":1}},"DataVersion":3465}