{"stats":{"minecraft:killed":{"minecraft:pig":4,"minecraft:vindicator":1,"minecraft:sheep":8,"minecraft:pillager":1,"minecraft:zombie":1,"minecraft:cow":4},"minecraft:dropped":{"travelersbackpack:black_sleeping_bag":1,"minecraft:glow_berries":5,"cobblemon:red_apricorn":1},"minecraft:crafted":{"minecraft:spruce_planks":8},"minecraft:used":{"minecraft:diorite":9,"megamons:anistarite_rough_geode_block":3,"minecraft:decorated_pot":1,"minecraft:spruce_planks":3,"minecraft:iron_sword":31,"minecraft:rotten_flesh":2,"minecraft:white_wool":7,"minecraft:glow_berries":17,"minecraft:mossy_cobblestone":3,"minecraft:mutton":13,"minecraft:tuff":3,"minecraft:bread":1,"minecraft:iron_pickaxe":168,"minecraft:pink_petals":12,"minecraft:cobblestone":14,"minecraft:beef":9,"minecraft:sweet_berries":5,"minecraft:porkchop":9,"travelersbackpack:yellow_sleeping_bag":1,"minecraft:purple_carpet":7,"minecraft:egg":2,"minecraft:diamond_leggings":1,"travelersbackpack:orange_sleeping_bag":6},"minecraft:picked_up":{"minecraft:pink_petals":12,"minecraft:crafting_table":1,"minecraft:lilac":1,"minecraft:cooked_beef":1,"minecraft:leather":7,"cobblemon:red_apricorn":1,"minecraft:gold_block":1,"minecraft:tuff":11,"cobblemon:slate_ball":4,"travelersbackpack:orange_sleeping_bag":7,"minecraft:lapis_lazuli":8,"minecraft:blue_bed":1,"minecraft:dirt":7,"minecraft:purple_carpet":16,"minecraft:blackstone":1,"minecraft:diamond_leggings":1,"minecraft:wheat_seeds":6,"minecraft:raw_gold":1,"minecraft:cobbled_deepslate":54,"cobblemon:green_apricorn":2,"minecraft:spore_blossom":1,"minecraft:spruce_wood":1,"minecraft:oak_fence_gate":1,"minecraft:beef":9,"travelersbackpack:black_sleeping_bag":1,"minecraft:bamboo":11,"minecraft:egg":2,"cobblemon:azure_ball":4,"minecraft:raw_iron":2,"minecraft:smooth_basalt":2,"travelersbackpack:yellow_sleeping_bag":1,"minecraft:sweet_berries":5,"minecraft:torch":2,"cobblemon:shiny_stone":1,"minecraft:porkchop":9,"minecraft:stripped_spruce_log":2,"minecraft:diorite":35,"minecraft:spruce_log":2,"minecraft:redstone":13,"minecraft:mossy_cobblestone":3,"megamons:anistarite_rough_geode_block":3,"minecraft:rotten_flesh":2,"minecraft:decorated_pot":1,"minecraft:granite":1,"minecraft:totem_of_undying":1,"minecraft:gray_wool":1,"minecraft:emerald":2,"minecraft:glow_berries":1,"cobblemon:verdant_ball":5,"minecraft:mutton":13,"minecraft:coal":4,"minecraft:white_wool":7,"minecraft:cobblestone":190},"minecraft:custom":{"minecraft:mob_kills":20,"minecraft:open_barrel":33,"minecraft:leave_game":2,"minecraft:time_since_death":7522,"minecraft:sleep_in_bed":7,"minecraft:climb_one_cm":10515,"minecraft:time_since_rest":6189,"minecraft:sprint_one_cm":233825,"minecraft:damage_taken":2232,"minecraft:walk_one_cm":149008,"minecraft:drop":3,"minecraft:damage_dealt":2391,"minecraft:swim_one_cm":18495,"minecraft:talked_to_villager":5,"minecraft:fly_one_cm":400442,"minecraft:open_chest":12,"minecraft:crouch_one_cm":3925,"minecraft:play_time":84402,"minecraft:deaths":6,"minecraft:sneak_time":2214,"minecraft:walk_under_water_one_cm":75117,"minecraft:jump":2138,"minecraft:walk_on_water_one_cm":4225,"minecraft:total_world_time":84402,"minecraft:fall_one_cm":65922},"minecraft:killed_by":{"minecraft:creeper":1,"minecraft:vex":3},"minecraft:mined":{"megamons:anistarite_rough_geode_block":1,"minecraft:tuff":8,"minecraft:blackstone":1,"minecraft:mossy_cobblestone":4,"minecraft:crafting_table":1,"cobblemon:apricorn_leaves":1,"minecraft:cave_vines_plant":1,"minecraft:granite":1,"minecraft:budding_amethyst":1,"minecraft:grass_block":3,"minecraft:decorated_pot":1,"cobblemon:chesto_berry":1,"minecraft:tall_grass":11,"minecraft:cobblestone":2,"minecraft:spruce_leaves":13,"minecraft:sculk":2,"minecraft:diorite":19,"minecraft:blue_bed":1,"minecraft:redstone_ore":3,"minecraft:iron_ore":2,"minecraft:sweet_berry_bush":2,"minecraft:lilac":1,"minecraft:spruce_log":2,"minecraft:stripped_spruce_log":2,"minecraft:peony":1,"minecraft:gold_block":1,"minecraft:grass":14,"minecraft:coal_ore":2,"minecraft:cave_vines":1,"travelersbackpack:yellow_sleeping_bag":1,"minecraft:purple_carpet":14,"minecraft:dirt":4,"minecraft:smooth_basalt":2,"minecraft:spruce_wood":1,"minecraft:bamboo":1,"minecraft:stone":76,"minecraft:deepslate":37,"travelersbackpack:orange_sleeping_bag":6,"minecraft:fern":4}},"DataVersion":3465}