{"stats":{"minecraft:custom":{"minecraft:interact_with_crafting_table":17,"minecraft:open_barrel":328,"minecraft:leave_game":15,"minecraft:time_since_death":2585,"minecraft:sprint_one_cm":850757,"minecraft:drop":12,"minecraft:talked_to_villager":8,"minecraft:play_time":354530,"minecraft:deaths":21,"minecraft:jump":5979,"minecraft:walk_on_water_one_cm":46771,"minecraft:interact_with_furnace":9,"minecraft:sleep_in_bed":24,"minecraft:damage_dealt":10586,"minecraft:crouch_one_cm":27327,"minecraft:interact_with_smoker":1,"minecraft:mob_kills":77,"minecraft:climb_one_cm":12705,"minecraft:walk_one_cm":734529,"minecraft:sneak_time":10307,"minecraft:walk_under_water_one_cm":108044,"minecraft:interact_with_blast_furnace":57,"minecraft:total_world_time":354530,"minecraft:time_since_rest":3031,"minecraft:damage_taken":8338,"minecraft:swim_one_cm":93227,"minecraft:fly_one_cm":1191676,"minecraft:open_chest":93,"minecraft:fall_one_cm":202650},"minecraft:picked_up":{"minecraft:wheat":2,"minecraft:smithing_table":1,"minecraft:stone_slab":3,"cobblemon:red_apricorn":16,"minecraft:oak_stairs":2,"minecraft:enchanted_book":34,"minecraft:brewing_stand":3,"cobblemon:wepear_berry":54,"minecraft:string":16,"minecraft:raw_copper":54,"minecraft:iron_leggings":3,"minecraft:diamond_leggings":1,"minecraft:red_sand":2,"minecraft:cobbled_deepslate":218,"minecraft:spruce_planks":7,"cobblemon:oran_berry":62,"cobblemon:big_root":2,"cobblemon:quick_ball":6,"minecraft:furnace":6,"minecraft:diamond_ore":3,"minecraft:stick":4,"cobblemon:pc":2,"travelersbackpack:yellow_sleeping_bag":2,"minecraft:torch":4,"minecraft:spruce_stairs":48,"minecraft:porkchop":21,"minecraft:diorite":113,"minecraft:cauldron":2,"minecraft:honey_bottle":1,"minecraft:rotten_flesh":7,"cobblemon:relic_coin_pouch":6,"minecraft:obsidian":3,"cobblemon:verdant_ball":11,"minecraft:cobblestone":799,"minecraft:pink_petals":12,"minecraft:cooked_beef":4,"minecraft:feather":6,"minecraft:lilac":1,"cobblemon:ultra_ball":6,"minecraft:medium_amethyst_bud":5,"minecraft:brown_wool":4,"minecraft:powder_snow_bucket":8,"minecraft:potato":30,"minecraft:flint":10,"minecraft:tuff":27,"travelersbackpack:orange_sleeping_bag":9,"minecraft:dirt":46,"minecraft:lapis_lazuli":32,"megamons:anistarite_geode_block":41,"minecraft:lantern":4,"minecraft:disc_fragment_5":3,"cobblemon:eviolite":2,"minecraft:purple_carpet":16,"minecraft:bone":7,"minecraft:glass":10,"minecraft:stonecutter":2,"cobblemon:black_apricorn":10,"minecraft:wheat_seeds":37,"minecraft:raw_gold":41,"minecraft:grindstone":2,"minecraft:diamond_helmet":1,"minecraft:rabbit":4,"minecraft:bamboo":44,"minecraft:moss_block":18,"cobblemon:sun_stone":2,"cobblemon:kasib_berry":6,"cobblemon:shiny_stone":3,"cobblemon:fossil_analyzer":2,"cobblemon:persim_berry":1,"minecraft:stripped_spruce_log":103,"cobblemon:aspear_berry":153,"minecraft:barrel":17,"minecraft:mossy_cobblestone":3,"megamons:anistarite_rough_geode_block":3,"cobblemon:restoration_tank":4,"cobblemon:healing_machine":3,"minecraft:white_candle":12,"minecraft:diamond":4,"minecraft:cracked_polished_blackstone_bricks":3,"minecraft:granite":2,"minecraft:grass":3,"cobblemon:ice_stone":3,"minecraft:bread":1,"minecraft:emerald":6,"minecraft:netherrack":85,"cobblemon:medicinal_leek":42,"cobblemon:chesto_berry":115,"minecraft:coarse_dirt":44,"minecraft:crafting_table":5,"minecraft:chicken":17,"minecraft:ladder":4,"minecraft:clay_ball":2,"cobblemon:yellow_apricorn":21,"minecraft:golden_pickaxe":1,"minecraft:gold_block":21,"minecraft:chain":6,"minecraft:stone_stairs":2,"minecraft:moss_carpet":4,"minecraft:flint_and_steel":2,"minecraft:iron_shovel":4,"cobblemon:white_apricorn":22,"minecraft:blackstone":38,"cobblemon:link_cable":5,"minecraft:candle":21,"cobblemon:green_apricorn":41,"minecraft:echo_shard":21,"minecraft:deepslate_diamond_ore":1,"minecraft:beef":62,"cobblemon:relic_coin":119,"travelersbackpack:black_sleeping_bag":1,"minecraft:chest":1,"cobblemon:chople_berry":3,"minecraft:spruce_trapdoor":104,"minecraft:diamond_hoe":2,"minecraft:egg":9,"minecraft:raw_iron":22,"minecraft:raw_gold_block":6,"minecraft:copper_ingot":120,"minecraft:fire_charge":12,"minecraft:polished_blackstone_bricks":6,"minecraft:redstone":91,"minecraft:prismarine_crystals":10,"minecraft:arrow":14,"minecraft:decorated_pot":1,"minecraft:golden_hoe":2,"minecraft:saddle":3,"minecraft:ward_armor_trim_smithing_template":9,"minecraft:gold_ingot":8,"minecraft:totem_of_undying":3,"minecraft:glow_berries":3,"minecraft:mutton":17,"cobblemon:blue_apricorn":13,"minecraft:skeleton_skull":1,"minecraft:white_wool":9,"minecraft:basalt":102,"cobblemon:relic_coin_sack":3,"minecraft:leather":57,"cobblemon:kebia_berry":51,"cobblemon:slate_ball":12,"minecraft:cobblestone_wall":2,"minecraft:cobblestone_stairs":4,"minecraft:blue_bed":6,"minecraft:paper":16,"cobblemon:pink_apricorn_seed":6,"minecraft:oak_fence_gate":3,"minecraft:rabbit_hide":2,"minecraft:spore_blossom":3,"minecraft:spruce_wood":1,"minecraft:iron_ingot":20,"cobblemon:coba_berry":3,"minecraft:glass_bottle":1,"minecraft:iron_sword":3,"minecraft:book":19,"minecraft:sculk_catalyst":18,"cobblemon:azure_ball":8,"minecraft:smooth_basalt":2,"minecraft:black_candle":17,"minecraft:sweet_berries":21,"cobblemon:black_apricorn_seed":1,"minecraft:quartz":2,"minecraft:raw_iron_block":2,"cobblemon:blue_apricorn_seed":1,"minecraft:gravel":6,"cobblemon:cheri_berry":11,"minecraft:blast_furnace":6,"cobblemon:pink_apricorn":33,"minecraft:spruce_log":66,"minecraft:crying_obsidian":1,"minecraft:spider_eye":1,"cobblemon:auspicious_armor":1,"minecraft:sculk_sensor":18,"minecraft:gray_wool":4,"cobblemon:pasture":3,"minecraft:damaged_anvil":2,"minecraft:coal":7,"minecraft:ender_pearl":18},"minecraft:mined":{"cobblemon:pasture":3,"minecraft:cobblestone_stairs":2,"cobblemon:pc":2,"minecraft:brewing_stand":1,"minecraft:obsidian":3,"minecraft:granite":1,"minecraft:spruce_trapdoor":98,"minecraft:cave_vines_plant":2,"minecraft:budding_amethyst":1,"minecraft:red_sand":2,"minecraft:grass_block":3,"minecraft:infested_cobblestone":2,"minecraft:cracked_polished_blackstone_bricks":3,"cobblemon:ice_stone_ore":1,"minecraft:spawner":6,"minecraft:raw_iron_block":2,"minecraft:fire":1,"minecraft:iron_ore":4,"minecraft:barrel":16,"minecraft:cave_vines":2,"minecraft:water_cauldron":1,"minecraft:oak_stairs":1,"minecraft:purple_carpet":14,"cobblemon:white_apricorn":2,"minecraft:black_candle":3,"minecraft:spruce_wood":1,"megamons:anistarite_geode_block":3,"minecraft:blackstone":34,"minecraft:kelp_plant":1,"cobblemon:apricorn_leaves":8,"minecraft:torch":2,"minecraft:blast_furnace":6,"minecraft:chest":1,"minecraft:nether_quartz_ore":2,"minecraft:cobblestone":25,"minecraft:white_candle":1,"minecraft:grindstone":1,"minecraft:damaged_anvil":1,"minecraft:stone_stairs":2,"minecraft:chain":3,"minecraft:warped_nylium":2,"cobblemon:restoration_tank":2,"minecraft:wheat":2,"minecraft:lilac":1,"minecraft:grass":26,"minecraft:dirt":6,"minecraft:smooth_basalt":2,"minecraft:stonecutter":2,"minecraft:netherrack":84,"minecraft:deepslate":39,"minecraft:suspicious_gravel":2,"cobblemon:healing_machine":3,"minecraft:diamond_ore":3,"minecraft:crying_obsidian":1,"minecraft:tuff":8,"cobblemon:kasib_berry":1,"minecraft:mossy_cobblestone":4,"minecraft:candle":2,"minecraft:sea_lantern":4,"minecraft:ladder":4,"minecraft:decorated_pot":2,"cobblemon:chesto_berry":1,"minecraft:spruce_leaves":32,"cobblemon:fossil_analyzer":1,"minecraft:kelp":1,"minecraft:large_fern":3,"minecraft:redstone_ore":3,"minecraft:furnace":6,"minecraft:andesite":3,"minecraft:stripped_spruce_log":103,"minecraft:peony":1,"minecraft:gold_block":20,"travelersbackpack:yellow_sleeping_bag":1,"minecraft:packed_ice":2,"minecraft:bamboo":1,"minecraft:stone":156,"travelersbackpack:orange_sleeping_bag":8,"minecraft:smithing_table":1,"megamons:anistarite_rough_geode_block":1,"minecraft:basalt":101,"minecraft:crafting_table":4,"minecraft:tall_grass":15,"minecraft:copper_ore":1,"cobblemon:relic_coin_sack":2,"minecraft:sculk":2,"minecraft:diorite":19,"cobblemon:relic_coin_pouch":7,"minecraft:blue_bed":4,"minecraft:spruce_stairs":43,"minecraft:coarse_dirt":15,"minecraft:cobblestone_wall":1,"minecraft:sweet_berry_bush":3,"minecraft:ice":1,"minecraft:spruce_log":42,"minecraft:coal_ore":2,"minecraft:gravel":7,"minecraft:cobweb":4,"cobblemon:sun_stone_ore":1,"minecraft:fern":7},"minecraft:used":{"minecraft:iron_shovel":15,"megamons:anistarite_rough_geode_block":3,"minecraft:ladder":4,"minecraft:decorated_pot":1,"minecraft:chest":5,"minecraft:iron_sword":131,"minecraft:rotten_flesh":7,"minecraft:mutton":13,"minecraft:tuff":11,"minecraft:obsidian":3,"minecraft:stripped_spruce_log":91,"minecraft:honey_bottle":2,"minecraft:lantern":2,"minecraft:sweet_berries":21,"minecraft:furnace":3,"minecraft:egg":2,"cobblemon:relic_coin_sack":2,"minecraft:diorite":9,"minecraft:blue_bed":5,"minecraft:white_wool":7,"minecraft:glow_berries":18,"minecraft:golden_hoe":1,"cobblemon:relic_coin_pouch":9,"minecraft:blast_furnace":4,"cobblemon:restoration_tank":2,"minecraft:bread":24,"minecraft:diamond_ore":3,"minecraft:gravel":6,"minecraft:smithing_table":1,"minecraft:coarse_dirt":42,"travelersbackpack:orange_sleeping_bag":8,"minecraft:golden_pickaxe":32,"minecraft:flint_and_steel":5,"minecraft:spruce_planks":5,"minecraft:netherrack":69,"minecraft:torch":4,"cobblemon:pasture":4,"minecraft:dirt":16,"minecraft:spruce_stairs":38,"minecraft:stone_stairs":1,"minecraft:granite":1,"minecraft:iron_axe":373,"minecraft:barrel":17,"cobblemon:pc":1,"minecraft:beef":30,"minecraft:cooked_beef":1,"minecraft:powder_snow_bucket":1,"minecraft:golden_axe":17,"minecraft:rabbit":4,"minecraft:stonecutter":2,"minecraft:mossy_cobblestone":3,"minecraft:crafting_table":4,"minecraft:spruce_log":12,"cobblemon:healing_machine":3,"minecraft:diamond_pickaxe":233,"minecraft:apple":6,"minecraft:chicken":5,"minecraft:iron_pickaxe":327,"minecraft:spruce_trapdoor":138,"minecraft:pink_petals":12,"minecraft:cobblestone":38,"travelersbackpack:standard":5,"cobblemon:fossil_analyzer":1,"minecraft:porkchop":11,"minecraft:bucket":1,"minecraft:black_candle":7,"minecraft:pumpkin_pie":1,"minecraft:purple_carpet":16,"minecraft:candle":7,"minecraft:diamond_leggings":1,"travelersbackpack:yellow_sleeping_bag":1},"minecraft:killed_by":{"minecraft:creeper":3,"minecraft:piglin":2,"minecraft:vex":3,"minecraft:skeleton":5},"minecraft:broken":{"minecraft:leather_helmet":1,"minecraft:golden_axe":1,"minecraft:iron_axe":1,"minecraft:leather_boots":1,"minecraft:iron_pickaxe":1,"minecraft:golden_pickaxe":1},"minecraft:crafted":{"minecraft:glass":2,"minecraft:hopper":1,"cobblemon:relic_coin_sack":1,"minecraft:chest":6,"cobblemon:pasture":1,"minecraft:spruce_planks":192,"travelersbackpack:standard":1,"minecraft:spruce_trapdoor":38,"minecraft:diamond_pickaxe":1,"minecraft:stick":8,"minecraft:iron_ingot":18,"minecraft:iron_pickaxe":1,"minecraft:gold_ingot":9,"minecraft:raw_iron":18,"travelersbackpack:backpack_tank":2,"minecraft:air":0,"minecraft:raw_gold":27,"cobblemon:relic_coin_pouch":12},"minecraft:dropped":{"minecraft:crafting_table":1,"travelersbackpack:black_sleeping_bag":1,"minecraft:glow_berries":5,"minecraft:wooden_sword":1,"cobblemon:red_apricorn":1,"cobblemon:ultra_ball":1,"minecraft:bone":5,"travelersbackpack:yellow_sleeping_bag":1,"minecraft:diamond_helmet":1,"cobblemon:relic_coin":1,"minecraft:spruce_planks":3,"minecraft:spider_eye":1},"minecraft:killed":{"minecraft:cave_spider":3,"minecraft:spider":3,"minecraft:skeleton":8,"minecraft:silverfish":1,"minecraft:piglin_brute":2,"minecraft:magma_cube":1,"minecraft:piglin":3,"minecraft:pig":8,"minecraft:creeper":1,"minecraft:sheep":10,"minecraft:pillager":2,"minecraft:zombie":6,"minecraft:cow":23,"minecraft:vindicator":1,"cobblemon:pokemon":3}},"DataVersion":3465}