{"stats":{"minecraft:used":{"minecraft:diamond_leggings":1},"minecraft:picked_up":{"minecraft:diamond_leggings":1,"cobblemon:green_apricorn":2},"minecraft:custom":{"minecraft:jump":43,"minecraft:open_chest":1,"minecraft:time_since_rest":6553,"minecraft:walk_on_water_one_cm":78,"minecraft:crouch_one_cm":209,"minecraft:leave_game":1,"minecraft:sprint_one_cm":5860,"minecraft:play_time":6553,"minecraft:damage_taken":15,"minecraft:time_since_death":6553,"minecraft:walk_one_cm":9405,"minecraft:sneak_time":550,"minecraft:total_world_time":6553,"minecraft:walk_under_water_one_cm":12508,"minecraft:swim_one_cm":5381,"minecraft:fall_one_cm":1380,"minecraft:fly_one_cm":6129,"minecraft:open_barrel":8},"minecraft:mined":{"minecraft:grass":1}},"DataVersion":3465}