{"stats":{"minecraft:killed":{"minecraft:pig":4,"minecraft:vindicator":1,"minecraft:sheep":8,"minecraft:skeleton":2,"minecraft:pillager":1,"minecraft:zombie":3,"minecraft:silverfish":1,"minecraft:cow":4},"minecraft:dropped":{"travelersbackpack:black_sleeping_bag":1,"minecraft:glow_berries":5,"travelersbackpack:yellow_sleeping_bag":1,"minecraft:spruce_planks":3,"minecraft:diamond_helmet":1,"minecraft:spider_eye":1,"cobblemon:red_apricorn":1},"minecraft:crafted":{"minecraft:spruce_planks":8},"minecraft:used":{"minecraft:diorite":9,"megamons:anistarite_rough_geode_block":3,"minecraft:decorated_pot":1,"minecraft:spruce_planks":5,"minecraft:iron_sword":53,"minecraft:rotten_flesh":2,"minecraft:torch":4,"minecraft:white_wool":7,"minecraft:glow_berries":17,"minecraft:mossy_cobblestone":3,"minecraft:mutton":13,"minecraft:tuff":3,"minecraft:bread":9,"minecraft:iron_pickaxe":180,"minecraft:pink_petals":12,"minecraft:cobblestone":14,"minecraft:beef":9,"minecraft:sweet_berries":5,"minecraft:porkchop":9,"minecraft:pumpkin_pie":1,"travelersbackpack:yellow_sleeping_bag":1,"minecraft:purple_carpet":16,"minecraft:egg":2,"minecraft:diamond_leggings":1,"travelersbackpack:orange_sleeping_bag":7},"minecraft:picked_up":{"minecraft:pink_petals":12,"minecraft:crafting_table":1,"minecraft:lilac":1,"minecraft:cooked_beef":1,"minecraft:leather":7,"cobblemon:red_apricorn":1,"minecraft:gold_block":1,"minecraft:tuff":11,"cobblemon:slate_ball":4,"travelersbackpack:orange_sleeping_bag":8,"minecraft:string":1,"minecraft:lapis_lazuli":8,"minecraft:blue_bed":1,"minecraft:dirt":7,"minecraft:purple_carpet":16,"minecraft:bone":2,"minecraft:blackstone":1,"minecraft:diamond_leggings":1,"minecraft:wheat_seeds":6,"minecraft:raw_gold":1,"minecraft:cobbled_deepslate":54,"cobblemon:green_apricorn":2,"minecraft:spore_blossom":1,"minecraft:spruce_wood":1,"minecraft:oak_fence_gate":1,"minecraft:beef":9,"travelersbackpack:black_sleeping_bag":1,"minecraft:diamond_helmet":1,"minecraft:bamboo":11,"minecraft:egg":2,"cobblemon:azure_ball":4,"minecraft:raw_iron":2,"cobblemon:kasib_berry":2,"minecraft:smooth_basalt":2,"travelersbackpack:yellow_sleeping_bag":2,"minecraft:raw_gold_block":3,"minecraft:sweet_berries":5,"minecraft:torch":4,"minecraft:raw_iron_block":2,"cobblemon:shiny_stone":1,"minecraft:porkchop":9,"minecraft:stripped_spruce_log":2,"minecraft:diorite":35,"minecraft:spruce_log":2,"minecraft:redstone":13,"minecraft:spider_eye":1,"minecraft:mossy_cobblestone":3,"megamons:anistarite_rough_geode_block":3,"minecraft:arrow":1,"minecraft:rotten_flesh":2,"minecraft:decorated_pot":1,"minecraft:granite":1,"minecraft:totem_of_undying":1,"minecraft:gray_wool":1,"minecraft:emerald":2,"minecraft:glow_berries":1,"cobblemon:verdant_ball":5,"minecraft:mutton":13,"minecraft:coal":4,"minecraft:white_wool":7,"minecraft:cobblestone":193},"minecraft:custom":{"minecraft:mob_kills":25,"minecraft:open_barrel":45,"minecraft:leave_game":2,"minecraft:time_since_death":794,"minecraft:sleep_in_bed":8,"minecraft:climb_one_cm":10515,"minecraft:time_since_rest":820,"minecraft:sprint_one_cm":339338,"minecraft:damage_taken":3381,"minecraft:walk_one_cm":185077,"minecraft:drop":7,"minecraft:damage_dealt":3319,"minecraft:swim_one_cm":37673,"minecraft:talked_to_villager":5,"minecraft:fly_one_cm":488550,"minecraft:open_chest":17,"minecraft:crouch_one_cm":5527,"minecraft:play_time":108402,"minecraft:deaths":9,"minecraft:sneak_time":2849,"minecraft:walk_under_water_one_cm":82964,"minecraft:jump":2559,"minecraft:walk_on_water_one_cm":29009,"minecraft:total_world_time":108402,"minecraft:fall_one_cm":77432},"minecraft:killed_by":{"minecraft:skeleton":3,"minecraft:creeper":1,"minecraft:vex":3},"minecraft:mined":{"megamons:anistarite_rough_geode_block":1,"minecraft:tuff":8,"cobblemon:kasib_berry":1,"minecraft:blackstone":1,"minecraft:mossy_cobblestone":4,"minecraft:kelp_plant":1,"minecraft:torch":2,"minecraft:crafting_table":1,"cobblemon:apricorn_leaves":1,"minecraft:cave_vines_plant":1,"minecraft:granite":1,"minecraft:budding_amethyst":1,"minecraft:infested_cobblestone":2,"minecraft:grass_block":3,"minecraft:decorated_pot":1,"cobblemon:chesto_berry":1,"minecraft:tall_grass":11,"minecraft:cobblestone":2,"minecraft:spruce_leaves":13,"minecraft:kelp":1,"minecraft:sculk":2,"minecraft:diorite":19,"minecraft:blue_bed":1,"minecraft:spawner":2,"minecraft:raw_iron_block":2,"minecraft:redstone_ore":3,"minecraft:iron_ore":2,"minecraft:sweet_berry_bush":2,"minecraft:ice":1,"minecraft:lilac":1,"minecraft:spruce_log":2,"minecraft:stripped_spruce_log":2,"minecraft:peony":1,"minecraft:gold_block":1,"minecraft:grass":14,"minecraft:coal_ore":2,"minecraft:cave_vines":1,"travelersbackpack:yellow_sleeping_bag":1,"minecraft:purple_carpet":14,"minecraft:dirt":4,"minecraft:packed_ice":2,"minecraft:smooth_basalt":2,"minecraft:spruce_wood":1,"minecraft:bamboo":1,"minecraft:stone":80,"minecraft:deepslate":37,"travelersbackpack:orange_sleeping_bag":7,"minecraft:fern":4}},"DataVersion":3465}