{"stats":{"minecraft:used":{"minecraft:iron_shovel":12,"megamons:anistarite_rough_geode_block":3,"minecraft:ladder":4,"minecraft:decorated_pot":1,"minecraft:chest":1,"minecraft:spruce_planks":5,"minecraft:iron_sword":131,"minecraft:rotten_flesh":2,"cobblemon:pasture":2,"minecraft:torch":4,"minecraft:mutton":13,"minecraft:spruce_stairs":32,"minecraft:stone_stairs":1,"minecraft:tuff":11,"minecraft:granite":1,"minecraft:honey_bottle":2,"minecraft:stripped_spruce_log":91,"minecraft:iron_axe":277,"minecraft:barrel":8,"cobblemon:pc":1,"minecraft:beef":9,"minecraft:sweet_berries":6,"minecraft:egg":2,"cobblemon:relic_coin_sack":2,"minecraft:powder_snow_bucket":1,"minecraft:diorite":9,"minecraft:rabbit":1,"minecraft:blue_bed":3,"minecraft:white_wool":7,"minecraft:glow_berries":17,"minecraft:mossy_cobblestone":3,"cobblemon:relic_coin_pouch":6,"minecraft:crafting_table":2,"minecraft:blast_furnace":2,"minecraft:spruce_log":12,"cobblemon:healing_machine":1,"minecraft:apple":6,"minecraft:bread":23,"minecraft:iron_pickaxe":220,"minecraft:spruce_trapdoor":109,"minecraft:pink_petals":12,"minecraft:cobblestone":35,"minecraft:porkchop":10,"minecraft:coarse_dirt":32,"minecraft:bucket":1,"minecraft:pumpkin_pie":1,"travelersbackpack:orange_sleeping_bag":8,"travelersbackpack:yellow_sleeping_bag":1,"minecraft:purple_carpet":16,"minecraft:diamond_leggings":1,"minecraft:golden_pickaxe":32},"minecraft:broken":{"minecraft:leather_helmet":1,"minecraft:iron_axe":1,"minecraft:iron_pickaxe":1,"minecraft:golden_pickaxe":1},"minecraft:mined":{"cobblemon:healing_machine":1,"minecraft:tuff":8,"cobblemon:pasture":1,"cobblemon:kasib_berry":1,"minecraft:mossy_cobblestone":4,"minecraft:candle":2,"minecraft:cobblestone_stairs":2,"cobblemon:pc":2,"minecraft:sea_lantern":4,"minecraft:brewing_stand":1,"minecraft:ladder":4,"minecraft:cave_vines_plant":2,"minecraft:spruce_trapdoor":89,"minecraft:granite":1,"minecraft:budding_amethyst":1,"minecraft:grass_block":3,"minecraft:infested_cobblestone":2,"minecraft:decorated_pot":2,"cobblemon:chesto_berry":1,"minecraft:spruce_leaves":26,"cobblemon:fossil_analyzer":1,"minecraft:kelp":1,"minecraft:spawner":6,"cobblemon:ice_stone_ore":1,"minecraft:large_fern":2,"minecraft:raw_iron_block":2,"minecraft:redstone_ore":3,"minecraft:furnace":3,"minecraft:iron_ore":2,"minecraft:barrel":7,"minecraft:andesite":3,"minecraft:stripped_spruce_log":103,"minecraft:gold_block":1,"minecraft:peony":1,"minecraft:cave_vines":2,"travelersbackpack:yellow_sleeping_bag":1,"minecraft:water_cauldron":1,"minecraft:oak_stairs":1,"minecraft:purple_carpet":14,"minecraft:black_candle":3,"minecraft:packed_ice":2,"minecraft:spruce_wood":1,"minecraft:bamboo":1,"minecraft:stone":112,"travelersbackpack:orange_sleeping_bag":8,"megamons:anistarite_rough_geode_block":1,"minecraft:blackstone":1,"minecraft:kelp_plant":1,"minecraft:torch":2,"minecraft:crafting_table":2,"cobblemon:apricorn_leaves":1,"minecraft:blast_furnace":4,"minecraft:chest":1,"minecraft:tall_grass":14,"minecraft:cobblestone":4,"minecraft:white_candle":1,"cobblemon:relic_coin_sack":2,"minecraft:grindstone":1,"minecraft:damaged_anvil":1,"minecraft:sculk":2,"minecraft:diorite":19,"cobblemon:relic_coin_pouch":7,"minecraft:blue_bed":2,"minecraft:spruce_stairs":37,"minecraft:chain":3,"minecraft:stone_stairs":2,"minecraft:coarse_dirt":14,"cobblemon:restoration_tank":2,"minecraft:cobblestone_wall":1,"minecraft:wheat":2,"minecraft:sweet_berry_bush":2,"minecraft:ice":1,"minecraft:lilac":1,"minecraft:spruce_log":27,"minecraft:grass":22,"minecraft:coal_ore":2,"minecraft:dirt":4,"minecraft:cobweb":4,"minecraft:smooth_basalt":2,"cobblemon:sun_stone_ore":1,"minecraft:deepslate":37,"minecraft:fern":7,"minecraft:suspicious_gravel":2},"minecraft:crafted":{"minecraft:raw_iron":18,"minecraft:hopper":1,"cobblemon:relic_coin_sack":1,"minecraft:chest":1,"cobblemon:pasture":1,"minecraft:spruce_planks":88,"minecraft:air":0,"minecraft:spruce_trapdoor":18,"minecraft:raw_gold":27,"minecraft:iron_ingot":18,"cobblemon:relic_coin_pouch":12},"minecraft:dropped":{"minecraft:crafting_table":1,"travelersbackpack:black_sleeping_bag":1,"minecraft:glow_berries":5,"minecraft:diamond_helmet":1,"minecraft:wooden_sword":1,"cobblemon:red_apricorn":1,"minecraft:bone":5,"cobblemon:relic_coin":1,"travelersbackpack:yellow_sleeping_bag":1,"minecraft:spruce_planks":3,"minecraft:spider_eye":1},"minecraft:killed":{"minecraft:cave_spider":3,"minecraft:spider":3,"minecraft:vindicator":1,"minecraft:skeleton":7,"minecraft:silverfish":1,"minecraft:pig":4,"cobblemon:pokemon":3,"minecraft:creeper":1,"minecraft:sheep":8,"minecraft:pillager":1,"minecraft:zombie":4,"minecraft:cow":13},"minecraft:custom":{"minecraft:mob_kills":50,"minecraft:interact_with_crafting_table":6,"minecraft:open_barrel":209,"minecraft:leave_game":11,"minecraft:time_since_death":18649,"minecraft:climb_one_cm":12042,"minecraft:sprint_one_cm":644688,"minecraft:walk_one_cm":447826,"minecraft:drop":11,"minecraft:talked_to_villager":8,"minecraft:play_time":230469,"minecraft:sneak_time":6910,"minecraft:deaths":16,"minecraft:walk_under_water_one_cm":87082,"minecraft:jump":4442,"minecraft:interact_with_blast_furnace":56,"minecraft:walk_on_water_one_cm":43937,"minecraft:total_world_time":230469,"minecraft:interact_with_furnace":3,"minecraft:sleep_in_bed":16,"minecraft:time_since_rest":4378,"minecraft:damage_taken":6379,"minecraft:damage_dealt":6485,"minecraft:fly_one_cm":981897,"minecraft:swim_one_cm":89457,"minecraft:open_chest":34,"minecraft:crouch_one_cm":17918,"minecraft:interact_with_smoker":1,"minecraft:fall_one_cm":148779},"minecraft:picked_up":{"minecraft:crafting_table":3,"minecraft:coarse_dirt":43,"minecraft:wheat":2,"minecraft:chicken":6,"minecraft:clay_ball":1,"minecraft:ladder":4,"minecraft:golden_pickaxe":1,"cobblemon:yellow_apricorn":20,"cobblemon:red_apricorn":11,"minecraft:stone_slab":3,"minecraft:oak_stairs":1,"minecraft:gold_block":3,"minecraft:enchanted_book":17,"minecraft:chain":3,"minecraft:brewing_stand":2,"minecraft:moss_carpet":2,"minecraft:raw_copper":34,"cobblemon:wepear_berry":36,"minecraft:string":13,"minecraft:stone_stairs":2,"minecraft:flint_and_steel":1,"minecraft:iron_leggings":2,"cobblemon:white_apricorn":12,"minecraft:iron_shovel":2,"minecraft:blackstone":3,"cobblemon:link_cable":2,"minecraft:diamond_leggings":1,"minecraft:candle":14,"minecraft:cobbled_deepslate":162,"cobblemon:green_apricorn":28,"minecraft:deepslate_diamond_ore":1,"minecraft:beef":25,"minecraft:echo_shard":14,"cobblemon:oran_berry":41,"cobblemon:relic_coin":119,"travelersbackpack:black_sleeping_bag":1,"cobblemon:big_root":1,"cobblemon:quick_ball":6,"minecraft:chest":1,"cobblemon:chople_berry":2,"minecraft:diamond_ore":3,"minecraft:spruce_trapdoor":93,"minecraft:egg":5,"minecraft:diamond_hoe":1,"minecraft:furnace":3,"minecraft:stick":2,"minecraft:raw_iron":18,"cobblemon:pc":2,"travelersbackpack:yellow_sleeping_bag":2,"minecraft:raw_gold_block":6,"minecraft:copper_ingot":80,"minecraft:torch":4,"minecraft:spruce_stairs":37,"minecraft:fire_charge":8,"minecraft:porkchop":10,"minecraft:diorite":87,"minecraft:redstone":91,"minecraft:prismarine_crystals":10,"minecraft:cauldron":1,"minecraft:honey_bottle":1,"minecraft:arrow":7,"minecraft:rotten_flesh":2,"minecraft:decorated_pot":1,"minecraft:golden_hoe":2,"cobblemon:relic_coin_pouch":6,"minecraft:gold_ingot":8,"minecraft:ward_armor_trim_smithing_template":6,"minecraft:saddle":2,"minecraft:totem_of_undying":2,"minecraft:glow_berries":2,"minecraft:mutton":13,"cobblemon:verdant_ball":11,"cobblemon:blue_apricorn":10,"minecraft:skeleton_skull":1,"minecraft:white_wool":7,"minecraft:cobblestone":520,"minecraft:pink_petals":12,"minecraft:feather":1,"minecraft:cooked_beef":3,"minecraft:lilac":1,"cobblemon:relic_coin_sack":2,"minecraft:leather":26,"cobblemon:kebia_berry":34,"minecraft:powder_snow_bucket":4,"minecraft:potato":15,"minecraft:flint":5,"minecraft:tuff":27,"cobblemon:slate_ball":12,"minecraft:cobblestone_wall":1,"minecraft:cobblestone_stairs":2,"cobblemon:eviolite":1,"travelersbackpack:orange_sleeping_bag":9,"megamons:anistarite_geode_block":26,"minecraft:lapis_lazuli":24,"minecraft:blue_bed":4,"minecraft:dirt":41,"minecraft:lantern":2,"minecraft:disc_fragment_5":2,"cobblemon:pink_apricorn_seed":4,"minecraft:purple_carpet":16,"minecraft:bone":7,"minecraft:wheat_seeds":25,"minecraft:raw_gold":14,"minecraft:spore_blossom":2,"minecraft:spruce_wood":1,"minecraft:iron_ingot":20,"minecraft:grindstone":1,"minecraft:oak_fence_gate":2,"minecraft:rabbit":1,"minecraft:diamond_helmet":1,"minecraft:bamboo":33,"minecraft:moss_block":1,"minecraft:iron_sword":1,"minecraft:book":5,"minecraft:sculk_catalyst":12,"cobblemon:azure_ball":8,"cobblemon:sun_stone":1,"minecraft:smooth_basalt":2,"cobblemon:kasib_berry":4,"minecraft:black_candle":10,"minecraft:sweet_berries":6,"minecraft:raw_iron_block":2,"cobblemon:shiny_stone":2,"cobblemon:fossil_analyzer":1,"minecraft:stripped_spruce_log":103,"minecraft:blast_furnace":4,"cobblemon:pink_apricorn":22,"minecraft:spruce_log":40,"cobblemon:aspear_berry":102,"minecraft:spider_eye":1,"minecraft:barrel":8,"minecraft:mossy_cobblestone":3,"megamons:anistarite_rough_geode_block":3,"cobblemon:restoration_tank":2,"cobblemon:healing_machine":1,"minecraft:white_candle":8,"minecraft:sculk_sensor":12,"minecraft:diamond":1,"minecraft:granite":2,"minecraft:grass":1,"minecraft:gray_wool":3,"cobblemon:ice_stone":2,"cobblemon:chesto_berry":25,"cobblemon:pasture":1,"minecraft:emerald":6,"cobblemon:medicinal_leek":28,"minecraft:damaged_anvil":1,"minecraft:coal":5,"minecraft:ender_pearl":9},"minecraft:killed_by":{"minecraft:creeper":3,"minecraft:skeleton":5,"minecraft:vex":3}},"DataVersion":3465}