{"stats":{"minecraft:killed":{"minecraft:zombie":1},"minecraft:dropped":{"minecraft:glow_berries":5},"minecraft:used":{"minecraft:glow_berries":16,"minecraft:cobblestone":14,"megamons:anistarite_rough_geode_block":3,"minecraft:iron_pickaxe":40,"minecraft:rotten_flesh":2,"minecraft:diamond_leggings":1},"minecraft:picked_up":{"megamons:anistarite_rough_geode_block":3,"minecraft:rotten_flesh":2,"minecraft:diamond_leggings":1,"minecraft:raw_gold":1,"minecraft:cobbled_deepslate":17,"cobblemon:green_apricorn":2,"cobblemon:shiny_stone":1,"minecraft:oak_fence_gate":1,"minecraft:tuff":3,"minecraft:redstone":13,"minecraft:lapis_lazuli":8,"minecraft:dirt":1,"minecraft:cobblestone":125},"minecraft:custom":{"minecraft:time_since_rest":18402,"minecraft:open_chest":2,"minecraft:crouch_one_cm":1676,"minecraft:play_time":18402,"minecraft:sprint_one_cm":19989,"minecraft:damage_taken":141,"minecraft:walk_one_cm":41960,"minecraft:sneak_time":863,"minecraft:walk_under_water_one_cm":12508,"minecraft:mob_kills":1,"minecraft:drop":1,"minecraft:jump":170,"minecraft:damage_dealt":200,"minecraft:leave_game":2,"minecraft:walk_on_water_one_cm":78,"minecraft:time_since_death":18402,"minecraft:total_world_time":18402,"minecraft:swim_one_cm":5381,"minecraft:fall_one_cm":3145,"minecraft:fly_one_cm":17117,"minecraft:open_barrel":31},"minecraft:mined":{"megamons:anistarite_rough_geode_block":1,"minecraft:grass":1,"minecraft:redstone_ore":3,"minecraft:cave_vines":1,"minecraft:dirt":1,"minecraft:stone":31}},"DataVersion":3465}