{"stats":{"minecraft:used":{"megamons:anistarite_rough_geode_block":3,"minecraft:ladder":4,"minecraft:decorated_pot":1,"minecraft:spruce_planks":5,"minecraft:iron_sword":129,"minecraft:rotten_flesh":2,"minecraft:torch":4,"cobblemon:pasture":2,"minecraft:mutton":13,"minecraft:stone_stairs":1,"minecraft:tuff":3,"minecraft:iron_axe":1,"cobblemon:pc":1,"minecraft:beef":9,"minecraft:sweet_berries":5,"minecraft:egg":2,"minecraft:powder_snow_bucket":1,"minecraft:diorite":9,"minecraft:white_wool":7,"minecraft:glow_berries":17,"minecraft:mossy_cobblestone":3,"minecraft:blast_furnace":2,"minecraft:apple":6,"minecraft:bread":23,"minecraft:iron_pickaxe":220,"minecraft:spruce_trapdoor":1,"minecraft:pink_petals":12,"minecraft:cobblestone":16,"minecraft:porkchop":9,"minecraft:bucket":1,"minecraft:pumpkin_pie":1,"minecraft:purple_carpet":16,"travelersbackpack:orange_sleeping_bag":8,"travelersbackpack:yellow_sleeping_bag":1,"minecraft:diamond_leggings":1},"minecraft:mined":{"minecraft:tuff":8,"cobblemon:pasture":1,"cobblemon:kasib_berry":1,"minecraft:mossy_cobblestone":4,"cobblemon:pc":2,"minecraft:sea_lantern":4,"minecraft:brewing_stand":1,"minecraft:cave_vines_plant":1,"minecraft:spruce_trapdoor":1,"minecraft:ladder":4,"minecraft:granite":1,"minecraft:budding_amethyst":1,"minecraft:grass_block":3,"minecraft:infested_cobblestone":2,"minecraft:decorated_pot":2,"cobblemon:chesto_berry":1,"minecraft:spruce_leaves":14,"minecraft:kelp":1,"minecraft:spawner":6,"cobblemon:ice_stone_ore":1,"minecraft:large_fern":1,"minecraft:raw_iron_block":2,"minecraft:redstone_ore":3,"minecraft:iron_ore":2,"minecraft:andesite":3,"minecraft:stripped_spruce_log":2,"minecraft:peony":1,"minecraft:gold_block":1,"minecraft:cave_vines":1,"travelersbackpack:yellow_sleeping_bag":1,"minecraft:purple_carpet":14,"minecraft:packed_ice":2,"minecraft:spruce_wood":1,"minecraft:bamboo":1,"minecraft:stone":99,"travelersbackpack:orange_sleeping_bag":8,"megamons:anistarite_rough_geode_block":1,"minecraft:blackstone":1,"minecraft:kelp_plant":1,"minecraft:torch":2,"minecraft:crafting_table":1,"cobblemon:apricorn_leaves":1,"minecraft:blast_furnace":2,"minecraft:tall_grass":14,"minecraft:cobblestone":2,"minecraft:sculk":2,"minecraft:diorite":19,"cobblemon:relic_coin_pouch":1,"minecraft:blue_bed":1,"minecraft:stone_stairs":2,"minecraft:wheat":2,"minecraft:sweet_berry_bush":2,"minecraft:ice":1,"minecraft:lilac":1,"minecraft:spruce_log":2,"minecraft:grass":22,"minecraft:coal_ore":2,"minecraft:dirt":4,"minecraft:cobweb":4,"minecraft:smooth_basalt":2,"cobblemon:sun_stone_ore":1,"minecraft:deepslate":37,"minecraft:fern":7,"minecraft:suspicious_gravel":2},"minecraft:broken":{"minecraft:leather_helmet":1,"minecraft:iron_pickaxe":1},"minecraft:crafted":{"minecraft:raw_iron":18,"minecraft:hopper":1,"minecraft:chest":1,"cobblemon:pasture":1,"minecraft:spruce_planks":32,"minecraft:air":0,"minecraft:iron_ingot":18},"minecraft:dropped":{"minecraft:crafting_table":1,"travelersbackpack:black_sleeping_bag":1,"minecraft:glow_berries":5,"minecraft:diamond_helmet":1,"minecraft:wooden_sword":1,"cobblemon:red_apricorn":1,"minecraft:bone":5,"cobblemon:relic_coin":1,"travelersbackpack:yellow_sleeping_bag":1,"minecraft:spruce_planks":3,"minecraft:spider_eye":1},"minecraft:killed":{"minecraft:cave_spider":3,"minecraft:spider":3,"minecraft:vindicator":1,"minecraft:skeleton":7,"minecraft:silverfish":1,"minecraft:pig":4,"cobblemon:pokemon":1,"minecraft:sheep":8,"minecraft:pillager":1,"minecraft:zombie":4,"minecraft:cow":13},"minecraft:custom":{"minecraft:mob_kills":47,"minecraft:interact_with_crafting_table":1,"minecraft:open_barrel":83,"minecraft:leave_game":7,"minecraft:time_since_death":2929,"minecraft:climb_one_cm":12042,"minecraft:sprint_one_cm":570791,"minecraft:walk_one_cm":277342,"minecraft:drop":11,"minecraft:talked_to_villager":8,"minecraft:play_time":166904,"minecraft:deaths":15,"minecraft:sneak_time":3971,"minecraft:walk_under_water_one_cm":87082,"minecraft:jump":4031,"minecraft:interact_with_blast_furnace":56,"minecraft:walk_on_water_one_cm":43630,"minecraft:total_world_time":166904,"minecraft:interact_with_furnace":3,"minecraft:sleep_in_bed":10,"minecraft:time_since_rest":2981,"minecraft:damage_taken":6057,"minecraft:damage_dealt":6275,"minecraft:swim_one_cm":89457,"minecraft:fly_one_cm":922340,"minecraft:open_chest":31,"minecraft:crouch_one_cm":6404,"minecraft:interact_with_smoker":1,"minecraft:fall_one_cm":138531},"minecraft:picked_up":{"minecraft:crafting_table":1,"minecraft:wheat":2,"minecraft:ladder":4,"minecraft:stone_slab":3,"cobblemon:red_apricorn":1,"minecraft:gold_block":1,"minecraft:brewing_stand":1,"minecraft:string":12,"minecraft:stone_stairs":2,"minecraft:blackstone":1,"minecraft:diamond_leggings":1,"minecraft:cobbled_deepslate":54,"cobblemon:green_apricorn":2,"minecraft:beef":25,"cobblemon:relic_coin":35,"travelersbackpack:black_sleeping_bag":1,"cobblemon:big_root":1,"minecraft:spruce_trapdoor":1,"minecraft:egg":2,"minecraft:raw_iron":2,"cobblemon:pc":2,"travelersbackpack:yellow_sleeping_bag":2,"minecraft:raw_gold_block":3,"minecraft:torch":4,"minecraft:porkchop":9,"minecraft:diorite":35,"minecraft:redstone":13,"minecraft:prismarine_crystals":10,"minecraft:arrow":4,"minecraft:rotten_flesh":2,"minecraft:decorated_pot":1,"minecraft:totem_of_undying":1,"minecraft:glow_berries":1,"minecraft:mutton":13,"cobblemon:verdant_ball":11,"minecraft:skeleton_skull":1,"minecraft:white_wool":7,"minecraft:cobblestone":211,"minecraft:pink_petals":12,"minecraft:cooked_beef":1,"minecraft:lilac":1,"minecraft:leather":16,"minecraft:tuff":11,"cobblemon:slate_ball":10,"travelersbackpack:orange_sleeping_bag":9,"minecraft:lapis_lazuli":8,"minecraft:blue_bed":1,"minecraft:dirt":7,"minecraft:purple_carpet":16,"minecraft:bone":7,"minecraft:wheat_seeds":12,"minecraft:raw_gold":1,"minecraft:spore_blossom":1,"minecraft:spruce_wood":1,"minecraft:oak_fence_gate":1,"minecraft:diamond_helmet":1,"minecraft:bamboo":11,"cobblemon:sun_stone":1,"cobblemon:azure_ball":8,"cobblemon:kasib_berry":2,"minecraft:smooth_basalt":2,"minecraft:sweet_berries":5,"minecraft:raw_iron_block":2,"cobblemon:shiny_stone":1,"minecraft:stripped_spruce_log":2,"minecraft:blast_furnace":2,"minecraft:spruce_log":2,"minecraft:spider_eye":1,"minecraft:mossy_cobblestone":3,"megamons:anistarite_rough_geode_block":3,"minecraft:granite":1,"cobblemon:ice_stone":1,"minecraft:gray_wool":1,"cobblemon:pasture":1,"minecraft:emerald":2,"minecraft:coal":4},"minecraft:killed_by":{"minecraft:creeper":2,"minecraft:skeleton":5,"minecraft:vex":3}},"DataVersion":3465}