{"stats":{"minecraft:custom":{"minecraft:interact_with_smithing_table":6,"minecraft:mob_kills":69,"minecraft:interact_with_crafting_table":23,"minecraft:open_barrel":44,"minecraft:interact_with_campfire":11,"minecraft:leave_game":9,"minecraft:time_since_death":25088,"minecraft:climb_one_cm":6310,"minecraft:sprint_one_cm":546379,"minecraft:walk_one_cm":332650,"minecraft:drop":75,"minecraft:play_time":226803,"minecraft:deaths":13,"minecraft:sneak_time":3012,"minecraft:walk_under_water_one_cm":118536,"minecraft:boat_one_cm":61422,"minecraft:jump":4035,"minecraft:interact_with_blast_furnace":1,"minecraft:walk_on_water_one_cm":47569,"minecraft:total_world_time":226803,"minecraft:interact_with_furnace":49,"minecraft:sleep_in_bed":10,"minecraft:time_since_rest":2637,"minecraft:damage_taken":6497,"minecraft:damage_dealt":9548,"minecraft:fly_one_cm":825896,"minecraft:swim_one_cm":119789,"minecraft:open_chest":17,"minecraft:crouch_one_cm":3955,"minecraft:interact_with_smoker":3,"minecraft:fall_one_cm":137307},"minecraft:picked_up":{"minecraft:crafting_table":2,"minecraft:coarse_dirt":7,"minecraft:chicken":8,"cobblemon:yellow_apricorn":13,"minecraft:smithing_table":1,"cobblemon:red_apricorn":7,"minecraft:brewing_stand":1,"minecraft:brick":2,"minecraft:string":5,"minecraft:raw_copper":47,"cobblemon:white_apricorn":9,"minecraft:diamond_leggings":1,"minecraft:red_sand":6,"cobblemon:green_apricorn":19,"minecraft:beef":30,"cobblemon:oran_berry":28,"minecraft:calcite":1,"minecraft:furnace":2,"minecraft:egg":1,"minecraft:stick":4,"minecraft:raw_iron":4,"travelersbackpack:yellow_sleeping_bag":5,"minecraft:acacia_log":7,"minecraft:torch":1,"minecraft:porkchop":26,"cobblemon:dive_ball":1,"travelersbackpack:crafting_upgrade":1,"minecraft:arrow":14,"minecraft:rotten_flesh":11,"minecraft:glow_berries":2,"minecraft:mutton":8,"minecraft:skeleton_skull":2,"cobblemon:verdant_ball":3,"cobblemon:blue_apricorn":35,"minecraft:snowball":1,"minecraft:white_wool":6,"minecraft:cobblestone":42,"minecraft:birch_log":10,"minecraft:lilac":3,"minecraft:feather":19,"minecraft:cooked_beef":6,"minecraft:copper_block":1,"minecraft:leather":18,"cobblemon:kebia_berry":33,"minecraft:potato":1,"minecraft:birch_planks":5,"cobblemon:razz_berry":30,"megamons:anistarite_geode_block":4,"minecraft:dirt":12,"cobblemon:pink_apricorn_seed":2,"minecraft:purple_carpet":71,"minecraft:cooked_mutton":5,"minecraft:bone":15,"minecraft:bow":1,"cobblemon:black_apricorn":33,"minecraft:wheat_seeds":2,"minecraft:spore_blossom":1,"minecraft:iron_ingot":8,"minecraft:rabbit":1,"minecraft:diamond_helmet":1,"minecraft:iron_sword":1,"minecraft:acacia_sapling":2,"cobblemon:chilan_berry":3,"cobblemon:azure_ball":4,"minecraft:cooked_porkchop":16,"minecraft:birch_boat":2,"minecraft:sweet_berries":12,"cobblemon:black_apricorn_seed":5,"minecraft:raw_iron_block":1,"cobblemon:blue_apricorn_seed":4,"minecraft:gravel":2,"cobblemon:yellow_apricorn_seed":2,"minecraft:sand":34,"cobblemon:pink_apricorn":11,"cobblemon:aspear_berry":66,"minecraft:spider_eye":1,"megamons:anistarite_rough_geode_block":2,"travelersbackpack:standard":1,"minecraft:soul_lantern":1,"cobblemon:rindo_berry":29,"minecraft:bread":1,"cobblemon:medicinal_leek":52,"minecraft:plenty_pottery_sherd":5,"cobblemon:chesto_berry":58,"minecraft:coal":45},"minecraft:mined":{"minecraft:brewing_stand":1,"minecraft:red_sand":6,"minecraft:acacia_log":7,"minecraft:grass_block":2,"minecraft:infested_cobblestone":2,"minecraft:decorated_pot":2,"minecraft:spawner":3,"minecraft:spore_blossom":1,"minecraft:raw_iron_block":1,"minecraft:furnace":2,"minecraft:raw_gold_block":3,"minecraft:iron_ore":3,"cobblemon:medicinal_leek":34,"minecraft:deepslate_iron_ore":1,"travelersbackpack:yellow_sleeping_bag":4,"minecraft:purple_carpet":68,"minecraft:stone":40,"minecraft:smithing_table":1,"megamons:anistarite_rough_geode_block":2,"minecraft:acacia_leaves":9,"megamons:anistarite_geode_block":3,"cobblemon:black_apricorn_sapling":1,"travelersbackpack:standard":1,"minecraft:crafting_table":2,"cobblemon:apricorn_leaves":24,"minecraft:calcite":1,"minecraft:cobblestone":8,"minecraft:copper_ore":13,"minecraft:tall_grass":4,"cobblemon:oran_berry":1,"minecraft:skeleton_skull":2,"minecraft:stone_stairs":1,"minecraft:birch_planks":5,"cobblemon:kebia_berry":1,"minecraft:coarse_dirt":7,"minecraft:birch_log":9,"minecraft:sweet_berry_bush":3,"minecraft:ice":6,"minecraft:lilac":4,"minecraft:birch_leaves":2,"minecraft:copper_block":1,"minecraft:grass":27,"minecraft:coal_ore":41,"minecraft:gravel":1,"minecraft:sand":34,"minecraft:dirt":1,"minecraft:infested_cracked_stone_bricks":1,"minecraft:cobweb":3,"cobblemon:blue_apricorn_sapling":1,"minecraft:fern":1},"minecraft:used":{"minecraft:red_sand":6,"minecraft:iron_shovel":33,"minecraft:iron_sword":239,"minecraft:cooked_chicken":4,"minecraft:torch":1,"minecraft:dirt":2,"minecraft:acacia_sapling":1,"minecraft:snowball":1,"cobblemon:pink_apricorn_seed":2,"minecraft:item_frame":1,"minecraft:sweet_berries":12,"minecraft:furnace":2,"minecraft:egg":1,"minecraft:cooked_beef":12,"minecraft:calcite":1,"minecraft:cooked_mutton":7,"minecraft:water_bucket":3,"minecraft:birch_planks":7,"minecraft:copper_block":1,"minecraft:wooden_pickaxe":45,"minecraft:leather_chestplate":1,"minecraft:birch_boat":2,"minecraft:glow_berries":2,"minecraft:crafting_table":5,"cobblemon:black_apricorn_seed":6,"cobblemon:yellow_apricorn_seed":2,"cobblemon:white_apricorn_seed":1,"minecraft:bread":2,"minecraft:iron_pickaxe":96,"minecraft:lilac":2,"minecraft:cobblestone":20,"travelersbackpack:standard":10,"minecraft:cooked_porkchop":17,"minecraft:smithing_table":1,"minecraft:bucket":4,"minecraft:coarse_dirt":7,"minecraft:purple_carpet":15,"travelersbackpack:yellow_sleeping_bag":4,"cobblemon:blue_apricorn_seed":5,"minecraft:diamond_leggings":1},"minecraft:killed_by":{"minecraft:creeper":1,"minecraft:skeleton":5,"minecraft:zombie":1,"minecraft:vex":2},"minecraft:broken":{"minecraft:leather_chestplate":1,"minecraft:leather_boots":1},"minecraft:crafted":{"minecraft:raw_iron":9,"travelersbackpack:crafting_upgrade":1,"minecraft:birch_boat":1,"minecraft:cooked_chicken":4,"cobblemon:slate_ball":12,"minecraft:furnace":2,"travelersbackpack:blank_upgrade":4,"travelersbackpack:gold_tier_upgrade":1,"minecraft:cooked_mutton":2,"minecraft:glass":34,"minecraft:chest":2,"cobblemon:azure_ball":4,"minecraft:cooked_beef":6,"minecraft:item_frame":1,"travelersbackpack:iron_tier_upgrade":1,"minecraft:cooked_porkchop":26,"minecraft:crafting_table":5,"travelersbackpack:backpack_tank":4,"cobblemon:dive_ball":4,"cobblemon:verdant_ball":8,"minecraft:wooden_pickaxe":1,"travelersbackpack:standard":4,"minecraft:iron_sword":1,"minecraft:smithing_table":1,"minecraft:copper_ingot":36,"minecraft:bucket":1,"minecraft:birch_planks":40,"minecraft:air":0,"minecraft:stick":16,"minecraft:iron_ingot":66,"minecraft:iron_pickaxe":1,"minecraft:iron_shovel":1,"minecraft:acacia_planks":28,"cobblemon:ultra_ball":8},"minecraft:killed":{"minecraft:evoker":1,"minecraft:vex":1,"minecraft:witch":1,"minecraft:spider":1,"minecraft:skeleton":11,"minecraft:chicken":5,"minecraft:silverfish":3,"minecraft:pig":13,"cobblemon:pokemon":1,"minecraft:sheep":5,"minecraft:pillager":1,"minecraft:zombie":7,"minecraft:stray":1,"minecraft:cow":15},"minecraft:dropped":{"minecraft:iron_ingot":7,"minecraft:iron_sword":1,"minecraft:birch_planks":4,"minecraft:wheat_seeds":2,"minecraft:lilac":1,"minecraft:spore_blossom":1,"minecraft:cooked_porkchop":16,"minecraft:plenty_pottery_sherd":3,"minecraft:feather":8,"minecraft:cobblestone":6,"minecraft:leather":4,"cobblemon:verdant_ball":7,"cobblemon:kebia_berry":6,"cobblemon:oran_berry":8,"cobblemon:slate_ball":8,"minecraft:mutton":1,"minecraft:rabbit":1,"minecraft:diamond_helmet":1,"minecraft:string":3,"cobblemon:ultra_ball":4,"minecraft:bone":3,"cobblemon:azure_ball":8,"minecraft:soul_lantern":1,"minecraft:chicken":1,"minecraft:rotten_flesh":11,"minecraft:potato":1,"cobblemon:aspear_berry":2,"minecraft:skeleton_skull":1,"travelersbackpack:crafting_upgrade":1,"minecraft:acacia_sapling":1,"minecraft:bow":1,"minecraft:glass":10,"minecraft:brick":2,"minecraft:purple_carpet":56}},"DataVersion":3465}