{"stats":{"minecraft:killed":{"minecraft:evoker":1,"minecraft:vex":1,"minecraft:pig":4,"minecraft:witch":1,"cobblemon:pokemon":1,"minecraft:sheep":3,"minecraft:pillager":1,"minecraft:zombie":3,"minecraft:chicken":2,"minecraft:cow":3},"minecraft:dropped":{"minecraft:iron_ingot":7,"minecraft:lilac":1,"minecraft:spore_blossom":1,"cobblemon:azure_ball":8,"minecraft:chicken":1,"minecraft:rotten_flesh":6,"cobblemon:verdant_ball":5,"cobblemon:kebia_berry":6,"cobblemon:oran_berry":8,"cobblemon:aspear_berry":2,"cobblemon:slate_ball":4},"minecraft:crafted":{"minecraft:cooked_porkchop":7,"minecraft:crafting_table":3,"minecraft:birch_boat":1,"minecraft:wooden_pickaxe":1,"cobblemon:verdant_ball":8,"minecraft:cooked_chicken":1,"cobblemon:slate_ball":8,"minecraft:iron_sword":1,"minecraft:copper_ingot":27,"minecraft:birch_planks":36,"minecraft:cooked_mutton":2,"minecraft:air":0,"minecraft:stick":8,"minecraft:iron_ingot":12,"minecraft:iron_pickaxe":1,"cobblemon:azure_ball":4},"minecraft:used":{"minecraft:cooked_mutton":2,"minecraft:birch_planks":5,"minecraft:birch_boat":2,"minecraft:wooden_pickaxe":45,"minecraft:iron_sword":78,"minecraft:cooked_chicken":1,"minecraft:torch":1,"minecraft:glow_berries":2,"minecraft:dirt":2,"minecraft:crafting_table":3,"cobblemon:black_apricorn_seed":4,"cobblemon:yellow_apricorn_seed":1,"cobblemon:white_apricorn_seed":1,"minecraft:iron_pickaxe":26,"minecraft:lilac":1,"minecraft:cobblestone":15,"minecraft:sweet_berries":12,"minecraft:cooked_porkchop":7,"minecraft:purple_carpet":15,"minecraft:coarse_dirt":1,"cobblemon:blue_apricorn_seed":2,"minecraft:diamond_leggings":1,"travelersbackpack:yellow_sleeping_bag":1},"minecraft:picked_up":{"minecraft:birch_log":10,"minecraft:coarse_dirt":1,"minecraft:cooked_beef":6,"minecraft:feather":3,"minecraft:lilac":2,"minecraft:chicken":3,"cobblemon:yellow_apricorn":10,"minecraft:leather":4,"cobblemon:kebia_berry":23,"cobblemon:red_apricorn":5,"minecraft:birch_planks":5,"minecraft:dirt":12,"minecraft:raw_copper":47,"cobblemon:pink_apricorn_seed":2,"minecraft:cooked_mutton":5,"minecraft:purple_carpet":71,"cobblemon:white_apricorn":6,"minecraft:beef":6,"minecraft:diamond_leggings":1,"cobblemon:black_apricorn":13,"minecraft:spore_blossom":1,"cobblemon:green_apricorn":19,"minecraft:iron_ingot":7,"cobblemon:oran_berry":28,"cobblemon:azure_ball":4,"minecraft:stick":2,"minecraft:raw_iron":2,"travelersbackpack:yellow_sleeping_bag":2,"minecraft:birch_boat":2,"minecraft:sweet_berries":12,"cobblemon:black_apricorn_seed":4,"minecraft:torch":1,"cobblemon:blue_apricorn_seed":2,"minecraft:gravel":2,"minecraft:porkchop":7,"cobblemon:yellow_apricorn_seed":1,"cobblemon:pink_apricorn":11,"cobblemon:aspear_berry":35,"minecraft:rotten_flesh":9,"minecraft:glow_berries":2,"cobblemon:medicinal_leek":14,"cobblemon:chesto_berry":35,"minecraft:mutton":7,"minecraft:coal":22,"cobblemon:verdant_ball":3,"cobblemon:blue_apricorn":9,"minecraft:white_wool":4,"minecraft:cobblestone":23},"minecraft:custom":{"minecraft:interact_with_furnace":28,"minecraft:mob_kills":22,"minecraft:interact_with_crafting_table":4,"minecraft:open_barrel":8,"minecraft:interact_with_campfire":11,"minecraft:leave_game":3,"minecraft:time_since_death":6481,"minecraft:sleep_in_bed":4,"minecraft:climb_one_cm":5756,"minecraft:time_since_rest":6189,"minecraft:sprint_one_cm":204035,"minecraft:walk_one_cm":156240,"minecraft:damage_taken":2149,"minecraft:drop":36,"minecraft:damage_dealt":2891,"minecraft:swim_one_cm":20946,"minecraft:fly_one_cm":310331,"minecraft:open_chest":5,"minecraft:crouch_one_cm":1922,"minecraft:play_time":90306,"minecraft:deaths":6,"minecraft:sneak_time":856,"minecraft:walk_under_water_one_cm":96903,"minecraft:boat_one_cm":61422,"minecraft:jump":1779,"minecraft:walk_on_water_one_cm":8785,"minecraft:total_world_time":90306,"minecraft:fall_one_cm":60519},"minecraft:killed_by":{"minecraft:skeleton":2,"minecraft:zombie":1,"minecraft:vex":2},"minecraft:mined":{"cobblemon:apricorn_leaves":10,"minecraft:grass_block":2,"minecraft:cobblestone":4,"minecraft:copper_ore":13,"minecraft:tall_grass":2,"cobblemon:oran_berry":1,"minecraft:birch_planks":5,"minecraft:spore_blossom":1,"minecraft:coarse_dirt":1,"cobblemon:kebia_berry":1,"minecraft:birch_log":9,"minecraft:iron_ore":1,"minecraft:sweet_berry_bush":3,"minecraft:lilac":3,"minecraft:birch_leaves":2,"cobblemon:medicinal_leek":6,"minecraft:grass":11,"minecraft:coal_ore":25,"travelersbackpack:yellow_sleeping_bag":1,"minecraft:deepslate_iron_ore":1,"minecraft:purple_carpet":68,"minecraft:gravel":1,"minecraft:fern":1,"cobblemon:blue_apricorn_sapling":1,"minecraft:stone":19}},"DataVersion":3465}