{"stats":{"minecraft:custom":{"minecraft:jump":113,"minecraft:open_chest":5,"minecraft:time_since_rest":12477,"minecraft:walk_on_water_one_cm":536,"minecraft:sprint_one_cm":24976,"minecraft:play_time":12477,"minecraft:damage_taken":45,"minecraft:time_since_death":12477,"minecraft:walk_one_cm":8406,"minecraft:walk_under_water_one_cm":149,"minecraft:climb_one_cm":401,"minecraft:total_world_time":12477,"minecraft:swim_one_cm":3599,"minecraft:fall_one_cm":3133,"minecraft:fly_one_cm":25661},"minecraft:used":{"travelersbackpack:standard":2},"minecraft:picked_up":{"travelersbackpack:standard":1,"cobblemon:great_ball":32,"cobblemon:ultra_ball":12,"cobblemon:quick_ball":24,"cobblemon:exp_share":6,"cobblemon:exp_candy_xl":2}},"DataVersion":3465}