{"stats":{"minecraft:mined":{"minecraft:birch_log":3},"minecraft:picked_up":{"minecraft:birch_log":3,"minecraft:netherite_boots":1,"minecraft:golden_carrot":62,"minecraft:birch_planks":12,"minecraft:netherite_shovel":1,"minecraft:trident":1,"minecraft:netherite_pickaxe":1,"minecraft:netherite_leggings":1,"minecraft:netherite_helmet":1,"minecraft:netherite_sword":1,"minecraft:netherite_axe":1,"minecraft:netherite_chestplate":1,"minecraft:netherite_hoe":1},"minecraft:used":{"minecraft:netherite_sword":3,"minecraft:iron_block":2339,"minecraft:netherite_chestplate":1,"minecraft:netherite_boots":1,"minecraft:dark_oak_trapdoor":21,"minecraft:golden_carrot":3,"minecraft:netherite_leggings":1,"minecraft:blue_ice":1,"minecraft:netherite_helmet":1},"minecraft:killed":{"minecraft:zombie":1},"minecraft:dropped":{"minecraft:blue_ice":1},"minecraft:custom":{"minecraft:time_since_rest":27981,"minecraft:sprint_one_cm":38445,"minecraft:walk_one_cm":24612,"minecraft:damage_taken":445,"minecraft:mob_kills":1,"minecraft:drop":1,"minecraft:damage_dealt":201,"minecraft:swim_one_cm":906,"minecraft:talked_to_villager":1,"minecraft:fly_one_cm":431865,"minecraft:open_chest":7,"minecraft:crouch_one_cm":1872,"minecraft:play_time":34853,"minecraft:open_shulker_box":2,"minecraft:deaths":1,"minecraft:sneak_time":1005,"minecraft:walk_under_water_one_cm":1083,"minecraft:jump":289,"minecraft:leave_game":3,"minecraft:walk_on_water_one_cm":2092,"minecraft:time_since_death":27891,"minecraft:climb_one_cm":232,"minecraft:total_world_time":34853,"minecraft:fall_one_cm":15914},"minecraft:crafted":{"minecraft:birch_planks":12}},"DataVersion":3953}