{"stats":{"minecraft:dropped":{"minecraft:wheat_seeds":2,"cobblemon:exp_share":2},"minecraft:used":{"travelersbackpack:standard":2,"minecraft:acacia_sapling":1,"minecraft:egg":31,"cobblemon:healing_machine":3},"minecraft:picked_up":{"cobblemon:healing_machine":4,"cobblemon:ultra_ball":12,"travelersbackpack:standard":1,"cobblemon:great_ball":34,"minecraft:wheat_seeds":2,"cobblemon:exp_share":8,"minecraft:hay_block":11,"cobblemon:oran_berry":9,"cobblemon:protector":1,"cobblemon:quick_ball":25,"minecraft:acacia_sapling":1,"cobblemon:exp_candy_xl":2,"minecraft:egg":1},"minecraft:custom":{"minecraft:open_barrel":1,"minecraft:open_chest":20,"minecraft:time_since_rest":49895,"minecraft:play_time":49895,"minecraft:sprint_one_cm":158020,"minecraft:damage_taken":680,"minecraft:walk_one_cm":67524,"minecraft:sneak_time":20,"minecraft:walk_under_water_one_cm":928,"minecraft:drop":4,"minecraft:jump":979,"minecraft:damage_dealt":293,"minecraft:leave_game":6,"minecraft:walk_on_water_one_cm":1790,"minecraft:time_since_death":49895,"minecraft:climb_one_cm":2219,"minecraft:total_world_time":49895,"minecraft:swim_one_cm":12518,"minecraft:talked_to_villager":1,"minecraft:fall_one_cm":31065,"minecraft:fly_one_cm":231290},"minecraft:mined":{"minecraft:hay_block":12,"minecraft:grass":6,"minecraft:tall_grass":1}},"DataVersion":3465}