{"stats":{"minecraft:used":{"minecraft:diamond_pickaxe":3,"minecraft:player_head":2,"travelersbackpack:standard":3,"minecraft:crafting_table":1,"minecraft:acacia_sapling":1,"minecraft:egg":31,"cobblemon:healing_machine":3},"minecraft:picked_up":{"cobblemon:great_ball":34,"cobblemon:ultra_ball":12,"minecraft:leather":3,"travelersbackpack:iron_tier_upgrade":1,"cobblemon:fire_stone":1,"cobblemon:rawst_berry":5,"minecraft:oak_log":7,"cobblemon:protector":1,"travelersbackpack:crafting_upgrade":1,"travelersbackpack:gold_tier_upgrade":1,"cobblemon:exp_candy_xl":2,"cobblemon:healing_machine":4,"travelersbackpack:standard":1,"minecraft:wheat_seeds":2,"cobblemon:exp_share":8,"minecraft:hay_block":11,"cobblemon:thunder_stone":1,"cobblemon:oran_berry":9,"cobblemon:relic_coin":26,"minecraft:player_head":2,"cobblemon:moon_stone":1,"cobblemon:quick_ball":25,"minecraft:acacia_sapling":1,"minecraft:diamond_pickaxe":1,"minecraft:egg":1},"minecraft:custom":{"minecraft:time_since_rest":66280,"minecraft:interact_with_smithing_table":2,"minecraft:walk_one_cm":90256,"minecraft:sprint_one_cm":200151,"minecraft:damage_taken":740,"minecraft:drop":5,"minecraft:damage_dealt":293,"minecraft:swim_one_cm":44784,"minecraft:talked_to_villager":6,"minecraft:fly_one_cm":322098,"minecraft:open_barrel":1,"minecraft:open_chest":20,"minecraft:play_time":66280,"minecraft:sneak_time":225,"minecraft:walk_under_water_one_cm":6608,"minecraft:jump":1342,"minecraft:time_since_death":66280,"minecraft:leave_game":7,"minecraft:walk_on_water_one_cm":5048,"minecraft:total_world_time":66280,"minecraft:climb_one_cm":2219,"minecraft:fall_one_cm":43291},"minecraft:mined":{"minecraft:hay_block":12,"minecraft:grass":6,"minecraft:oak_log":7,"megamons:crystal_fire_stone_ore":1,"minecraft:gravel":1,"megamons:crystal_moon_stone_ore":1,"minecraft:tall_grass":2,"minecraft:player_head":2,"megamons:crystal_thunder_stone_ore":1},"minecraft:crafted":{"minecraft:oak_planks":28,"minecraft:crafting_table":1,"minecraft:stick":4,"travelersbackpack:standard":2,"minecraft:air":0},"minecraft:dropped":{"minecraft:wheat_seeds":2,"cobblemon:moon_stone":1,"cobblemon:exp_share":2}},"DataVersion":3465}