{"stats":{"minecraft:custom":{"minecraft:interact_with_smithing_table":6,"minecraft:mob_kills":79,"minecraft:interact_with_crafting_table":29,"minecraft:open_barrel":87,"minecraft:interact_with_campfire":11,"minecraft:leave_game":10,"minecraft:time_since_death":76385,"minecraft:climb_one_cm":6578,"minecraft:sprint_one_cm":848713,"minecraft:walk_one_cm":505254,"minecraft:drop":94,"minecraft:play_time":351827,"minecraft:deaths":24,"minecraft:sneak_time":4881,"minecraft:walk_under_water_one_cm":118712,"minecraft:boat_one_cm":61422,"minecraft:jump":5987,"minecraft:interact_with_blast_furnace":1,"minecraft:walk_on_water_one_cm":51518,"minecraft:total_world_time":351827,"minecraft:interact_with_furnace":79,"minecraft:sleep_in_bed":15,"minecraft:time_since_rest":9902,"minecraft:damage_taken":11049,"minecraft:damage_dealt":11499,"minecraft:fly_one_cm":1227312,"minecraft:swim_one_cm":125969,"minecraft:open_chest":59,"minecraft:crouch_one_cm":10633,"minecraft:interact_with_smoker":3,"minecraft:fall_one_cm":202677},"minecraft:picked_up":{"minecraft:crafting_table":2,"minecraft:coarse_dirt":17,"minecraft:chicken":10,"minecraft:nether_wart":38,"cobblemon:yellow_apricorn":19,"minecraft:smithing_table":1,"cobblemon:red_apricorn":32,"minecraft:gilded_blackstone":1,"minecraft:brewing_stand":1,"minecraft:brick":2,"minecraft:string":5,"minecraft:raw_copper":47,"cobblemon:white_apricorn":15,"minecraft:blackstone":18,"minecraft:diamond_leggings":1,"minecraft:red_sand":7,"cobblemon:green_apricorn":22,"minecraft:beef":30,"cobblemon:oran_berry":34,"cobblemon:relic_coin":24,"minecraft:calcite":1,"cobblemon:green_apricorn_seed":1,"minecraft:egg":5,"minecraft:furnace":3,"minecraft:stick":4,"minecraft:raw_iron":4,"travelersbackpack:yellow_sleeping_bag":5,"minecraft:torch":1,"minecraft:acacia_log":7,"minecraft:porkchop":35,"minecraft:polished_blackstone_bricks":9,"cobblemon:dive_ball":1,"travelersbackpack:crafting_upgrade":1,"minecraft:arrow":14,"minecraft:rotten_flesh":12,"cobblemon:everstone":1,"cobblemon:black_augurite":1,"minecraft:gold_ingot":1,"minecraft:glow_berries":2,"minecraft:mutton":8,"cobblemon:verdant_ball":3,"cobblemon:blue_apricorn":57,"minecraft:snowball":1,"minecraft:skeleton_skull":2,"minecraft:white_wool":6,"minecraft:cobblestone":42,"minecraft:birch_log":10,"cobblemon:great_ball":1,"minecraft:feather":21,"minecraft:cooked_beef":6,"minecraft:basalt":6,"minecraft:lilac":3,"minecraft:copper_block":1,"minecraft:leather":18,"cobblemon:kebia_berry":33,"minecraft:potato":1,"cobblemon:razz_berry":30,"minecraft:birch_planks":5,"minecraft:flint":1,"megamons:anistarite_geode_block":4,"minecraft:dirt":13,"cobblemon:pink_apricorn_seed":6,"minecraft:purple_carpet":71,"minecraft:cooked_mutton":5,"minecraft:bone":16,"minecraft:rabbit_hide":2,"minecraft:bow":1,"minecraft:wheat_seeds":2,"cobblemon:black_apricorn":52,"minecraft:spore_blossom":1,"minecraft:iron_ingot":8,"minecraft:rabbit":3,"minecraft:diamond_helmet":1,"minecraft:iron_sword":1,"minecraft:acacia_sapling":2,"cobblemon:chilan_berry":3,"cobblemon:azure_ball":4,"cobblemon:red_apricorn_seed":1,"minecraft:cooked_porkchop":16,"minecraft:birch_boat":2,"minecraft:sweet_berries":12,"cobblemon:black_apricorn_seed":6,"minecraft:quartz":1,"minecraft:raw_iron_block":1,"cobblemon:blue_apricorn_seed":6,"minecraft:gravel":12,"minecraft:sand":34,"cobblemon:yellow_apricorn_seed":3,"minecraft:spruce_sapling":1,"cobblemon:pink_apricorn":32,"cobblemon:aspear_berry":90,"minecraft:spider_eye":1,"megamons:anistarite_rough_geode_block":2,"travelersbackpack:standard":1,"minecraft:soul_lantern":1,"minecraft:cracked_polished_blackstone_bricks":9,"cobblemon:rindo_berry":30,"minecraft:bread":1,"minecraft:plenty_pottery_sherd":5,"cobblemon:medicinal_leek":52,"cobblemon:chesto_berry":94,"minecraft:netherrack":28,"minecraft:coal":49,"minecraft:smooth_quartz_slab":1},"minecraft:mined":{"minecraft:large_amethyst_bud":2,"minecraft:brewing_stand":1,"minecraft:red_sand":7,"minecraft:acacia_log":7,"minecraft:grass_block":3,"minecraft:infested_cobblestone":2,"minecraft:decorated_pot":2,"minecraft:cracked_polished_blackstone_bricks":9,"minecraft:spruce_leaves":3,"minecraft:nether_wart":40,"minecraft:gilded_blackstone":1,"minecraft:spawner":3,"minecraft:polished_blackstone_bricks":13,"minecraft:spore_blossom":1,"minecraft:raw_iron_block":1,"minecraft:furnace":3,"minecraft:raw_gold_block":3,"minecraft:iron_ore":3,"minecraft:fire":5,"cobblemon:medicinal_leek":34,"minecraft:deepslate_iron_ore":1,"travelersbackpack:yellow_sleeping_bag":4,"minecraft:small_amethyst_bud":3,"minecraft:purple_carpet":68,"minecraft:stone":40,"minecraft:smithing_table":1,"megamons:anistarite_rough_geode_block":2,"minecraft:acacia_leaves":9,"megamons:anistarite_geode_block":3,"minecraft:blackstone":19,"minecraft:medium_amethyst_bud":3,"cobblemon:black_apricorn_sapling":1,"minecraft:basalt":6,"travelersbackpack:standard":1,"minecraft:crafting_table":2,"cobblemon:apricorn_leaves":24,"minecraft:calcite":1,"minecraft:cobblestone":8,"minecraft:smooth_quartz_slab":1,"minecraft:tall_grass":4,"minecraft:copper_ore":13,"cobblemon:oran_berry":1,"minecraft:skeleton_skull":2,"minecraft:stone_stairs":1,"minecraft:birch_planks":5,"cobblemon:kebia_berry":1,"minecraft:coarse_dirt":19,"minecraft:birch_log":9,"minecraft:ice":6,"minecraft:sweet_berry_bush":3,"minecraft:lilac":4,"minecraft:birch_leaves":2,"minecraft:copper_block":1,"minecraft:grass":28,"minecraft:coal_ore":41,"minecraft:oak_leaves":1,"minecraft:gravel":12,"minecraft:sand":34,"minecraft:dirt":1,"minecraft:infested_cracked_stone_bricks":1,"minecraft:cobweb":3,"cobblemon:babiri_berry":1,"cobblemon:blue_apricorn_sapling":1,"minecraft:netherrack":31,"minecraft:fern":1},"minecraft:used":{"minecraft:flint_and_steel":3,"minecraft:red_sand":6,"minecraft:iron_shovel":55,"minecraft:smooth_quartz_slab":1,"minecraft:iron_sword":275,"minecraft:cooked_chicken":4,"minecraft:netherrack":17,"minecraft:torch":1,"minecraft:dirt":3,"minecraft:acacia_sapling":1,"minecraft:snowball":1,"minecraft:obsidian":1,"cobblemon:pink_apricorn_seed":2,"minecraft:item_frame":1,"cobblemon:pc":1,"minecraft:sweet_berries":12,"minecraft:furnace":3,"minecraft:egg":5,"minecraft:cooked_beef":26,"minecraft:calcite":1,"minecraft:cooked_mutton":7,"minecraft:water_bucket":5,"minecraft:birch_planks":7,"minecraft:copper_block":1,"minecraft:blackstone":17,"minecraft:leather_chestplate":1,"minecraft:birch_boat":2,"minecraft:wooden_pickaxe":45,"minecraft:glow_berries":2,"minecraft:crafting_table":5,"cobblemon:black_apricorn_seed":7,"cobblemon:yellow_apricorn_seed":3,"cobblemon:white_apricorn_seed":1,"cobblemon:green_apricorn_seed":1,"minecraft:bread":2,"minecraft:iron_pickaxe":254,"minecraft:spruce_sapling":1,"minecraft:lilac":2,"cobblemon:red_apricorn_seed":1,"minecraft:cobblestone":20,"travelersbackpack:standard":11,"minecraft:cooked_porkchop":25,"minecraft:smithing_table":1,"minecraft:bucket":6,"minecraft:coarse_dirt":17,"travelersbackpack:yellow_sleeping_bag":4,"minecraft:purple_carpet":15,"cobblemon:blue_apricorn_seed":6,"minecraft:diamond_leggings":1},"minecraft:killed_by":{"minecraft:piglin_brute":2,"minecraft:wither_skeleton":1,"minecraft:creeper":1,"minecraft:enderman":1,"minecraft:magma_cube":1,"minecraft:piglin":1,"minecraft:hoglin":1,"minecraft:skeleton":5,"minecraft:blaze":1,"minecraft:zombie":1,"minecraft:vex":2},"minecraft:broken":{"minecraft:leather_chestplate":1,"minecraft:leather_boots":1,"minecraft:iron_sword":1},"minecraft:killed":{"minecraft:evoker":1,"minecraft:vex":1,"minecraft:witch":1,"minecraft:spider":1,"minecraft:skeleton":11,"minecraft:chicken":5,"minecraft:silverfish":3,"minecraft:magma_cube":1,"minecraft:piglin":2,"minecraft:pig":17,"cobblemon:pokemon":1,"minecraft:hoglin":1,"minecraft:sheep":5,"minecraft:pillager":2,"minecraft:zombie":7,"minecraft:stray":1,"minecraft:wither_skeleton":1,"minecraft:cow":15},"minecraft:crafted":{"minecraft:smooth_stone":8,"minecraft:raw_iron":9,"travelersbackpack:crafting_upgrade":1,"minecraft:birch_boat":1,"minecraft:cooked_chicken":4,"cobblemon:slate_ball":12,"minecraft:furnace":2,"minecraft:stone":8,"travelersbackpack:blank_upgrade":4,"travelersbackpack:gold_tier_upgrade":1,"minecraft:cooked_mutton":2,"minecraft:flint_and_steel":1,"minecraft:glass":35,"minecraft:chest":2,"cobblemon:azure_ball":4,"minecraft:cooked_beef":24,"minecraft:item_frame":1,"travelersbackpack:iron_tier_upgrade":1,"minecraft:cooked_porkchop":35,"minecraft:crafting_table":5,"minecraft:spruce_planks":4,"minecraft:iron_helmet":1,"travelersbackpack:backpack_tank":4,"cobblemon:dive_ball":4,"minecraft:wooden_pickaxe":1,"cobblemon:verdant_ball":8,"travelersbackpack:standard":4,"minecraft:iron_sword":2,"cobblemon:pc":1,"minecraft:smithing_table":1,"minecraft:copper_ingot":36,"minecraft:bucket":1,"minecraft:birch_planks":40,"minecraft:air":0,"minecraft:stick":24,"minecraft:iron_ingot":66,"minecraft:iron_pickaxe":2,"minecraft:iron_shovel":1,"minecraft:acacia_planks":28,"cobblemon:ultra_ball":20,"cobblemon:great_ball":24},"minecraft:dropped":{"minecraft:iron_ingot":7,"minecraft:iron_sword":1,"minecraft:birch_planks":4,"minecraft:wheat_seeds":2,"minecraft:lilac":1,"minecraft:spore_blossom":1,"minecraft:cooked_porkchop":16,"minecraft:plenty_pottery_sherd":3,"minecraft:feather":9,"minecraft:cobblestone":6,"minecraft:leather":4,"cobblemon:verdant_ball":7,"cobblemon:kebia_berry":6,"cobblemon:oran_berry":8,"minecraft:cracked_polished_blackstone_bricks":9,"cobblemon:auspicious_armor":1,"cobblemon:slate_ball":8,"minecraft:mutton":1,"minecraft:rabbit":3,"minecraft:diamond_helmet":1,"minecraft:polished_blackstone_bricks":2,"minecraft:string":3,"cobblemon:ultra_ball":4,"minecraft:gold_ingot":1,"minecraft:bone":3,"minecraft:gravel":10,"minecraft:blackstone":1,"minecraft:iron_nugget":2,"cobblemon:azure_ball":8,"minecraft:soul_lantern":1,"minecraft:chicken":2,"minecraft:rotten_flesh":12,"minecraft:rabbit_hide":2,"travelersbackpack:gold_tier_upgrade":1,"minecraft:potato":1,"cobblemon:aspear_berry":2,"minecraft:skeleton_skull":1,"travelersbackpack:crafting_upgrade":1,"minecraft:acacia_sapling":1,"minecraft:quartz":1,"minecraft:basalt":6,"minecraft:bow":1,"minecraft:glass":10,"minecraft:netherrack":10,"minecraft:brick":2,"minecraft:purple_carpet":56}},"DataVersion":3465}