{"stats":{"minecraft:killed":{"minecraft:evoker":1,"minecraft:vex":1,"minecraft:witch":1,"minecraft:skeleton":9,"minecraft:chicken":5,"minecraft:pig":8,"cobblemon:pokemon":1,"minecraft:sheep":5,"minecraft:pillager":1,"minecraft:zombie":5,"minecraft:stray":1,"minecraft:cow":12},"minecraft:dropped":{"minecraft:iron_ingot":7,"minecraft:birch_planks":4,"minecraft:lilac":1,"minecraft:spore_blossom":1,"cobblemon:verdant_ball":5,"cobblemon:kebia_berry":6,"cobblemon:oran_berry":8,"cobblemon:slate_ball":4,"minecraft:diamond_helmet":1,"minecraft:bone":3,"cobblemon:azure_ball":8,"minecraft:soul_lantern":1,"minecraft:chicken":1,"minecraft:rotten_flesh":10,"cobblemon:aspear_berry":2,"minecraft:skeleton_skull":1,"minecraft:bow":1},"minecraft:crafted":{"minecraft:raw_iron":9,"minecraft:birch_boat":1,"minecraft:cooked_chicken":4,"cobblemon:slate_ball":8,"minecraft:cooked_mutton":2,"cobblemon:azure_ball":4,"minecraft:cooked_beef":6,"minecraft:cooked_porkchop":7,"minecraft:crafting_table":3,"minecraft:wooden_pickaxe":1,"cobblemon:verdant_ball":8,"minecraft:iron_sword":1,"minecraft:copper_ingot":36,"minecraft:birch_planks":36,"minecraft:air":0,"minecraft:stick":8,"minecraft:iron_ingot":66,"minecraft:iron_pickaxe":1},"minecraft:used":{"minecraft:iron_sword":163,"minecraft:cooked_chicken":4,"minecraft:torch":1,"minecraft:dirt":2,"minecraft:sweet_berries":12,"minecraft:cooked_beef":6,"minecraft:cooked_mutton":7,"minecraft:birch_planks":7,"minecraft:wooden_pickaxe":45,"minecraft:birch_boat":2,"minecraft:leather_chestplate":1,"minecraft:glow_berries":2,"minecraft:crafting_table":3,"cobblemon:yellow_apricorn_seed":1,"cobblemon:black_apricorn_seed":4,"cobblemon:white_apricorn_seed":1,"minecraft:bread":2,"minecraft:iron_pickaxe":64,"minecraft:lilac":1,"minecraft:cobblestone":20,"minecraft:cooked_porkchop":7,"minecraft:coarse_dirt":1,"minecraft:purple_carpet":15,"travelersbackpack:yellow_sleeping_bag":2,"minecraft:diamond_leggings":1,"cobblemon:blue_apricorn_seed":2},"minecraft:picked_up":{"minecraft:coarse_dirt":1,"minecraft:chicken":6,"cobblemon:yellow_apricorn":10,"cobblemon:red_apricorn":5,"minecraft:brewing_stand":1,"minecraft:string":2,"minecraft:raw_copper":47,"cobblemon:white_apricorn":6,"minecraft:diamond_leggings":1,"cobblemon:green_apricorn":19,"minecraft:beef":22,"cobblemon:oran_berry":28,"minecraft:egg":1,"minecraft:raw_iron":4,"minecraft:stick":2,"travelersbackpack:yellow_sleeping_bag":3,"minecraft:torch":1,"minecraft:porkchop":16,"minecraft:arrow":12,"minecraft:rotten_flesh":10,"minecraft:glow_berries":2,"minecraft:mutton":8,"cobblemon:blue_apricorn":9,"cobblemon:verdant_ball":3,"minecraft:skeleton_skull":2,"minecraft:white_wool":6,"minecraft:cobblestone":40,"minecraft:birch_log":10,"minecraft:lilac":2,"minecraft:feather":8,"minecraft:cooked_beef":6,"minecraft:leather":14,"cobblemon:kebia_berry":23,"minecraft:potato":1,"minecraft:birch_planks":5,"minecraft:dirt":12,"cobblemon:pink_apricorn_seed":2,"minecraft:purple_carpet":71,"minecraft:cooked_mutton":5,"minecraft:bone":14,"minecraft:bow":1,"cobblemon:black_apricorn":13,"minecraft:spore_blossom":1,"minecraft:iron_ingot":8,"minecraft:diamond_helmet":1,"cobblemon:azure_ball":4,"minecraft:birch_boat":2,"minecraft:sweet_berries":12,"cobblemon:black_apricorn_seed":4,"cobblemon:blue_apricorn_seed":2,"minecraft:raw_iron_block":1,"minecraft:gravel":2,"cobblemon:yellow_apricorn_seed":1,"cobblemon:pink_apricorn":11,"cobblemon:aspear_berry":40,"minecraft:spider_eye":1,"minecraft:soul_lantern":1,"minecraft:bread":1,"cobblemon:chesto_berry":35,"cobblemon:medicinal_leek":14,"minecraft:coal":22},"minecraft:custom":{"minecraft:mob_kills":52,"minecraft:interact_with_crafting_table":4,"minecraft:open_barrel":28,"minecraft:interact_with_campfire":11,"minecraft:leave_game":3,"minecraft:time_since_death":15632,"minecraft:climb_one_cm":5756,"minecraft:sprint_one_cm":372445,"minecraft:walk_one_cm":207316,"minecraft:drop":46,"minecraft:play_time":138306,"minecraft:deaths":12,"minecraft:sneak_time":2249,"minecraft:walk_under_water_one_cm":113745,"minecraft:boat_one_cm":61422,"minecraft:jump":2722,"minecraft:interact_with_blast_furnace":1,"minecraft:walk_on_water_one_cm":37726,"minecraft:total_world_time":138306,"minecraft:interact_with_furnace":28,"minecraft:sleep_in_bed":5,"minecraft:time_since_rest":15658,"minecraft:damage_taken":4759,"minecraft:damage_dealt":6861,"minecraft:fly_one_cm":545432,"minecraft:swim_one_cm":103560,"minecraft:open_chest":17,"minecraft:crouch_one_cm":2671,"minecraft:interact_with_smoker":3,"minecraft:fall_one_cm":86918},"minecraft:killed_by":{"minecraft:creeper":1,"minecraft:skeleton":5,"minecraft:zombie":1,"minecraft:vex":2},"minecraft:mined":{"minecraft:brewing_stand":1,"minecraft:grass_block":2,"minecraft:infested_cobblestone":2,"minecraft:spawner":3,"minecraft:spore_blossom":1,"minecraft:raw_iron_block":1,"minecraft:raw_gold_block":3,"minecraft:iron_ore":3,"cobblemon:medicinal_leek":6,"minecraft:deepslate_iron_ore":1,"travelersbackpack:yellow_sleeping_bag":2,"minecraft:purple_carpet":68,"minecraft:stone":38,"cobblemon:apricorn_leaves":10,"minecraft:tall_grass":2,"minecraft:copper_ore":13,"minecraft:cobblestone":6,"cobblemon:oran_berry":1,"minecraft:skeleton_skull":2,"minecraft:stone_stairs":1,"minecraft:birch_planks":5,"minecraft:coarse_dirt":1,"cobblemon:kebia_berry":1,"minecraft:birch_log":9,"minecraft:sweet_berry_bush":3,"minecraft:ice":6,"minecraft:lilac":3,"minecraft:birch_leaves":2,"minecraft:grass":12,"minecraft:coal_ore":25,"minecraft:gravel":1,"minecraft:cobweb":3,"cobblemon:blue_apricorn_sapling":1,"minecraft:fern":1}},"DataVersion":3465}