{"stats":{"minecraft:killed":{"minecraft:pig":4,"cobblemon:pokemon":1,"minecraft:sheep":1,"minecraft:zombie":3,"minecraft:chicken":2},"minecraft:dropped":{"minecraft:iron_ingot":7,"minecraft:lilac":1,"cobblemon:azure_ball":8,"minecraft:chicken":1,"minecraft:rotten_flesh":6,"cobblemon:verdant_ball":5,"cobblemon:slate_ball":4},"minecraft:crafted":{"minecraft:cooked_porkchop":3,"minecraft:crafting_table":2,"minecraft:wooden_pickaxe":1,"cobblemon:verdant_ball":8,"minecraft:cooked_chicken":1,"cobblemon:slate_ball":8,"minecraft:iron_sword":1,"minecraft:copper_ingot":27,"minecraft:birch_planks":36,"minecraft:cooked_mutton":2,"minecraft:air":0,"minecraft:stick":8,"minecraft:iron_ingot":12,"minecraft:iron_pickaxe":1,"cobblemon:azure_ball":4},"minecraft:used":{"minecraft:cooked_mutton":2,"minecraft:wooden_pickaxe":45,"minecraft:iron_sword":32,"minecraft:cooked_chicken":1,"minecraft:dirt":2,"minecraft:crafting_table":2,"cobblemon:black_apricorn_seed":4,"cobblemon:yellow_apricorn_seed":1,"cobblemon:white_apricorn_seed":1,"minecraft:iron_pickaxe":20,"minecraft:lilac":1,"minecraft:cobblestone":15,"minecraft:sweet_berries":12,"minecraft:cooked_porkchop":3,"minecraft:diamond_leggings":1,"cobblemon:blue_apricorn_seed":2,"travelersbackpack:yellow_sleeping_bag":1},"minecraft:picked_up":{"minecraft:birch_log":10,"minecraft:feather":3,"minecraft:lilac":2,"minecraft:chicken":3,"cobblemon:yellow_apricorn":7,"cobblemon:kebia_berry":17,"cobblemon:red_apricorn":5,"cobblemon:pink_apricorn_seed":2,"minecraft:dirt":12,"minecraft:raw_copper":47,"minecraft:diamond_leggings":1,"cobblemon:black_apricorn":13,"cobblemon:green_apricorn":19,"minecraft:iron_ingot":7,"cobblemon:azure_ball":4,"minecraft:raw_iron":2,"travelersbackpack:yellow_sleeping_bag":1,"minecraft:sweet_berries":12,"cobblemon:black_apricorn_seed":4,"cobblemon:blue_apricorn_seed":2,"minecraft:gravel":2,"minecraft:porkchop":7,"cobblemon:yellow_apricorn_seed":1,"cobblemon:pink_apricorn":9,"minecraft:rotten_flesh":9,"cobblemon:medicinal_leek":14,"cobblemon:chesto_berry":17,"minecraft:coal":22,"cobblemon:blue_apricorn":9,"minecraft:mutton":2,"cobblemon:verdant_ball":1,"minecraft:white_wool":1,"minecraft:cobblestone":23},"minecraft:custom":{"minecraft:interact_with_furnace":22,"minecraft:mob_kills":12,"minecraft:interact_with_crafting_table":3,"minecraft:open_barrel":8,"minecraft:leave_game":2,"minecraft:time_since_death":3386,"minecraft:sleep_in_bed":2,"minecraft:climb_one_cm":99,"minecraft:time_since_rest":3415,"minecraft:sprint_one_cm":102687,"minecraft:walk_one_cm":92328,"minecraft:damage_taken":1027,"minecraft:drop":19,"minecraft:damage_dealt":1110,"minecraft:swim_one_cm":5605,"minecraft:fly_one_cm":144086,"minecraft:open_chest":3,"minecraft:crouch_one_cm":1903,"minecraft:play_time":48848,"minecraft:deaths":3,"minecraft:sneak_time":657,"minecraft:walk_under_water_one_cm":59236,"minecraft:jump":853,"minecraft:walk_on_water_one_cm":4648,"minecraft:total_world_time":48848,"minecraft:fall_one_cm":30138},"minecraft:killed_by":{"minecraft:skeleton":1,"minecraft:zombie":1},"minecraft:mined":{"cobblemon:apricorn_leaves":10,"minecraft:grass_block":2,"minecraft:tall_grass":1,"minecraft:cobblestone":4,"minecraft:copper_ore":13,"cobblemon:oran_berry":1,"cobblemon:kebia_berry":1,"minecraft:birch_log":9,"minecraft:iron_ore":1,"minecraft:sweet_berry_bush":3,"minecraft:lilac":3,"minecraft:birch_leaves":1,"cobblemon:medicinal_leek":6,"minecraft:grass":5,"minecraft:coal_ore":25,"minecraft:deepslate_iron_ore":1,"cobblemon:blue_apricorn_sapling":1,"minecraft:stone":19}},"DataVersion":3465}