{"stats":{"minecraft:custom":{"minecraft:mob_kills":63,"minecraft:interact_with_crafting_table":14,"minecraft:open_barrel":28,"minecraft:interact_with_campfire":11,"minecraft:leave_game":5,"minecraft:time_since_death":49164,"minecraft:climb_one_cm":6310,"minecraft:sprint_one_cm":442903,"minecraft:walk_one_cm":253981,"minecraft:drop":58,"minecraft:play_time":171838,"minecraft:deaths":12,"minecraft:sneak_time":2457,"minecraft:walk_under_water_one_cm":114584,"minecraft:boat_one_cm":61422,"minecraft:jump":3465,"minecraft:interact_with_blast_furnace":1,"minecraft:walk_on_water_one_cm":43747,"minecraft:total_world_time":171838,"minecraft:interact_with_furnace":48,"minecraft:sleep_in_bed":7,"minecraft:time_since_rest":7779,"minecraft:damage_taken":5496,"minecraft:damage_dealt":8209,"minecraft:fly_one_cm":713955,"minecraft:swim_one_cm":111949,"minecraft:open_chest":17,"minecraft:crouch_one_cm":3107,"minecraft:interact_with_smoker":3,"minecraft:fall_one_cm":114815},"minecraft:picked_up":{"minecraft:coarse_dirt":1,"minecraft:chicken":6,"cobblemon:yellow_apricorn":10,"cobblemon:red_apricorn":7,"minecraft:brewing_stand":1,"minecraft:brick":2,"minecraft:string":5,"minecraft:raw_copper":47,"cobblemon:white_apricorn":6,"minecraft:diamond_leggings":1,"cobblemon:green_apricorn":19,"minecraft:beef":22,"cobblemon:oran_berry":28,"minecraft:egg":1,"minecraft:stick":3,"minecraft:raw_iron":4,"travelersbackpack:yellow_sleeping_bag":5,"minecraft:acacia_log":5,"minecraft:torch":1,"minecraft:porkchop":26,"minecraft:arrow":14,"minecraft:rotten_flesh":11,"minecraft:glow_berries":2,"minecraft:mutton":8,"cobblemon:verdant_ball":3,"cobblemon:blue_apricorn":9,"minecraft:skeleton_skull":2,"minecraft:white_wool":6,"minecraft:cobblestone":42,"minecraft:birch_log":10,"minecraft:cooked_beef":6,"minecraft:feather":8,"minecraft:lilac":2,"minecraft:leather":14,"cobblemon:kebia_berry":23,"minecraft:potato":1,"minecraft:birch_planks":5,"minecraft:dirt":12,"cobblemon:pink_apricorn_seed":2,"minecraft:purple_carpet":71,"minecraft:cooked_mutton":5,"minecraft:bone":15,"minecraft:bow":1,"minecraft:wheat_seeds":1,"cobblemon:black_apricorn":13,"minecraft:spore_blossom":1,"minecraft:iron_ingot":8,"minecraft:diamond_helmet":1,"minecraft:acacia_sapling":1,"cobblemon:chilan_berry":3,"cobblemon:azure_ball":4,"minecraft:birch_boat":2,"minecraft:sweet_berries":12,"cobblemon:black_apricorn_seed":4,"minecraft:sand":34,"minecraft:raw_iron_block":1,"cobblemon:blue_apricorn_seed":2,"minecraft:gravel":2,"cobblemon:yellow_apricorn_seed":1,"cobblemon:pink_apricorn":11,"cobblemon:aspear_berry":40,"minecraft:spider_eye":1,"minecraft:soul_lantern":1,"minecraft:bread":1,"cobblemon:chesto_berry":35,"cobblemon:medicinal_leek":14,"minecraft:plenty_pottery_sherd":1,"minecraft:coal":38},"minecraft:mined":{"minecraft:brewing_stand":1,"minecraft:acacia_log":5,"minecraft:grass_block":2,"minecraft:infested_cobblestone":2,"minecraft:decorated_pot":2,"minecraft:spawner":3,"minecraft:spore_blossom":1,"minecraft:raw_iron_block":1,"minecraft:raw_gold_block":3,"minecraft:iron_ore":3,"cobblemon:medicinal_leek":6,"travelersbackpack:yellow_sleeping_bag":4,"minecraft:deepslate_iron_ore":1,"minecraft:purple_carpet":68,"minecraft:stone":40,"minecraft:acacia_leaves":3,"cobblemon:apricorn_leaves":11,"minecraft:tall_grass":4,"minecraft:copper_ore":13,"minecraft:cobblestone":6,"cobblemon:oran_berry":1,"minecraft:skeleton_skull":2,"minecraft:stone_stairs":1,"minecraft:birch_planks":5,"minecraft:coarse_dirt":1,"cobblemon:kebia_berry":1,"minecraft:birch_log":9,"minecraft:ice":6,"minecraft:sweet_berry_bush":3,"minecraft:lilac":3,"minecraft:birch_leaves":2,"minecraft:grass":25,"minecraft:coal_ore":41,"minecraft:gravel":1,"minecraft:sand":34,"minecraft:infested_cracked_stone_bricks":1,"minecraft:cobweb":3,"cobblemon:blue_apricorn_sapling":1,"minecraft:fern":1},"minecraft:used":{"minecraft:iron_shovel":22,"minecraft:iron_sword":210,"minecraft:cooked_chicken":4,"minecraft:torch":1,"minecraft:dirt":2,"minecraft:acacia_sapling":1,"minecraft:sweet_berries":12,"minecraft:furnace":2,"minecraft:egg":1,"minecraft:cooked_beef":12,"minecraft:cooked_mutton":7,"minecraft:birch_planks":7,"minecraft:wooden_pickaxe":45,"minecraft:birch_boat":2,"minecraft:leather_chestplate":1,"minecraft:glow_berries":2,"minecraft:crafting_table":4,"cobblemon:yellow_apricorn_seed":1,"cobblemon:black_apricorn_seed":4,"cobblemon:white_apricorn_seed":1,"minecraft:bread":2,"minecraft:iron_pickaxe":83,"minecraft:lilac":1,"minecraft:cobblestone":20,"travelersbackpack:standard":1,"minecraft:cooked_porkchop":10,"minecraft:coarse_dirt":1,"minecraft:purple_carpet":15,"minecraft:diamond_leggings":1,"cobblemon:blue_apricorn_seed":2,"travelersbackpack:yellow_sleeping_bag":4},"minecraft:killed_by":{"minecraft:creeper":1,"minecraft:skeleton":5,"minecraft:zombie":1,"minecraft:vex":2},"minecraft:broken":{"minecraft:leather_boots":1},"minecraft:crafted":{"minecraft:raw_iron":9,"minecraft:birch_boat":1,"minecraft:cooked_chicken":4,"cobblemon:slate_ball":8,"minecraft:furnace":2,"travelersbackpack:blank_upgrade":4,"travelersbackpack:gold_tier_upgrade":1,"minecraft:cooked_mutton":2,"minecraft:glass":34,"minecraft:chest":2,"cobblemon:azure_ball":4,"minecraft:cooked_beef":6,"travelersbackpack:iron_tier_upgrade":1,"minecraft:cooked_porkchop":26,"minecraft:crafting_table":4,"travelersbackpack:backpack_tank":4,"minecraft:wooden_pickaxe":1,"cobblemon:verdant_ball":8,"travelersbackpack:standard":1,"minecraft:iron_sword":1,"minecraft:copper_ingot":36,"minecraft:birch_planks":40,"minecraft:air":0,"minecraft:stick":16,"minecraft:iron_ingot":66,"minecraft:iron_pickaxe":1,"minecraft:iron_shovel":1,"minecraft:acacia_planks":20},"minecraft:killed":{"minecraft:vex":1,"minecraft:evoker":1,"minecraft:witch":1,"minecraft:spider":1,"minecraft:skeleton":10,"minecraft:chicken":5,"minecraft:silverfish":3,"minecraft:pig":13,"cobblemon:pokemon":1,"minecraft:sheep":5,"minecraft:pillager":1,"minecraft:zombie":5,"minecraft:stray":1,"minecraft:cow":12},"minecraft:dropped":{"minecraft:iron_ingot":7,"minecraft:birch_planks":4,"minecraft:wheat_seeds":1,"minecraft:lilac":1,"minecraft:spore_blossom":1,"minecraft:cobblestone":6,"cobblemon:verdant_ball":7,"cobblemon:kebia_berry":6,"cobblemon:oran_berry":8,"cobblemon:slate_ball":8,"minecraft:mutton":1,"minecraft:diamond_helmet":1,"minecraft:string":3,"minecraft:bone":3,"cobblemon:azure_ball":8,"minecraft:soul_lantern":1,"minecraft:chicken":1,"minecraft:rotten_flesh":11,"minecraft:potato":1,"cobblemon:aspear_berry":2,"minecraft:skeleton_skull":1,"minecraft:bow":1,"minecraft:brick":2}},"DataVersion":3465}