{"stats":{"minecraft:used":{"travelersbackpack:standard":2,"minecraft:acacia_sapling":1},"minecraft:picked_up":{"cobblemon:ultra_ball":12,"travelersbackpack:standard":1,"cobblemon:great_ball":34,"minecraft:wheat_seeds":1,"cobblemon:exp_share":8,"minecraft:hay_block":11,"cobblemon:oran_berry":9,"cobblemon:quick_ball":25,"minecraft:acacia_sapling":1,"cobblemon:exp_candy_xl":2},"minecraft:custom":{"minecraft:open_barrel":1,"minecraft:open_chest":17,"minecraft:time_since_rest":25279,"minecraft:play_time":25279,"minecraft:sprint_one_cm":86785,"minecraft:damage_taken":265,"minecraft:walk_one_cm":23028,"minecraft:sneak_time":13,"minecraft:walk_under_water_one_cm":611,"minecraft:drop":3,"minecraft:jump":510,"minecraft:leave_game":2,"minecraft:walk_on_water_one_cm":752,"minecraft:time_since_death":25279,"minecraft:climb_one_cm":2219,"minecraft:total_world_time":25279,"minecraft:swim_one_cm":6508,"minecraft:fall_one_cm":21006,"minecraft:fly_one_cm":116431},"minecraft:mined":{"minecraft:hay_block":12,"minecraft:grass":2,"minecraft:tall_grass":1},"minecraft:dropped":{"minecraft:wheat_seeds":1,"cobblemon:exp_share":2}},"DataVersion":3465}