{
  "minecraft:recipes/decorations/crafting_table": {
    "criteria": {
      "unlock_right_away": "2024-08-02 18:48:23 +0000"
    },
    "done": true
  },
  "survivallegends:root": {
    "criteria": {
      "yak": "2024-08-02 18:48:24 +0000"
    },
    "done": true
  },
  "minecraft:adventure/adventuring_time": {
    "criteria": {
      "minecraft:savanna_plateau": "2024-08-04 05:15:55 +0000",
      "minecraft:beach": "2024-08-04 05:04:46 +0000",
      "minecraft:lukewarm_ocean": "2024-08-04 05:12:40 +0000",
      "minecraft:river": "2024-08-04 05:04:57 +0000",
      "minecraft:ocean": "2024-08-04 05:12:32 +0000",
      "minecraft:old_growth_birch_forest": "2024-08-04 05:12:29 +0000"
    },
    "done": false
  },
  "cobblemon:recipes/blocks/healing_machine": {
    "criteria": {
      "has_copper_ingot": "2024-08-04 05:05:18 +0000"
    },
    "done": true
  },
  "minecraft:recipes/misc/iron_nugget_from_smelting": {
    "criteria": {
      "has_iron_pickaxe": "2024-08-04 05:05:18 +0000"
    },
    "done": true
  },
  "minecraft:story/iron_tools": {
    "criteria": {
      "iron_pickaxe": "2024-08-04 05:05:18 +0000"
    },
    "done": true
  },
  "minecraft:recipes/redstone/lightning_rod": {
    "criteria": {
      "has_copper_ingot": "2024-08-04 05:05:18 +0000"
    },
    "done": true
  },
  "cobblemon:recipes/held/cell_battery": {
    "criteria": {
      "has_copper": "2024-08-04 05:05:18 +0000"
    },
    "done": true
  },
  "minecraft:recipes/building_blocks/copper_block": {
    "criteria": {
      "has_copper_ingot": "2024-08-04 05:05:18 +0000"
    },
    "done": true
  },
  "minecraft:recipes/tools/brush": {
    "criteria": {
      "has_copper_ingot": "2024-08-04 05:05:18 +0000"
    },
    "done": true
  },
  "minecraft:recipes/misc/iron_nugget_from_blasting": {
    "criteria": {
      "has_iron_pickaxe": "2024-08-04 05:05:18 +0000"
    },
    "done": true
  },
  "travelersbackpack:recipes/misc/standard_smithing": {
    "criteria": {
      "has_standard": "2024-08-04 05:06:33 +0000"
    },
    "done": true
  },
  "travelersbackpack:standard_from_custom": {
    "criteria": {
      "has_backpack": "2024-08-04 05:06:33 +0000"
    },
    "done": true
  },
  "minecraft:recipes/misc/netherite_upgrade_smithing_template": {
    "criteria": {
      "has_netherite_upgrade_smithing_template": "2024-08-04 05:06:39 +0000"
    },
    "done": true
  },
  "minecraft:recipes/tools/golden_axe": {
    "criteria": {
      "has_gold_ingot": "2024-08-04 05:06:47 +0000"
    },
    "done": true
  },
  "minecraft:recipes/tools/golden_pickaxe": {
    "criteria": {
      "has_gold_ingot": "2024-08-04 05:06:47 +0000"
    },
    "done": true
  },
  "minecraft:recipes/misc/gold_nugget": {
    "criteria": {
      "has_gold_ingot": "2024-08-04 05:06:47 +0000"
    },
    "done": true
  },
  "minecraft:recipes/tools/golden_shovel": {
    "criteria": {
      "has_gold_ingot": "2024-08-04 05:06:47 +0000"
    },
    "done": true
  },
  "minecraft:recipes/food/golden_apple": {
    "criteria": {
      "has_gold_ingot": "2024-08-04 05:06:47 +0000"
    },
    "done": true
  },
  "minecraft:recipes/combat/golden_boots": {
    "criteria": {
      "has_gold_ingot": "2024-08-04 05:06:47 +0000"
    },
    "done": true
  },
  "minecraft:recipes/combat/golden_helmet": {
    "criteria": {
      "has_gold_ingot": "2024-08-04 05:06:47 +0000"
    },
    "done": true
  },
  "minecraft:recipes/combat/golden_chestplate": {
    "criteria": {
      "has_gold_ingot": "2024-08-04 05:06:47 +0000"
    },
    "done": true
  },
  "travelersbackpack:recipes/misc/gold": {
    "criteria": {
      "has_gold_ingot": "2024-08-04 05:06:47 +0000"
    },
    "done": true
  },
  "minecraft:recipes/redstone/light_weighted_pressure_plate": {
    "criteria": {
      "has_gold_ingot": "2024-08-04 05:06:47 +0000"
    },
    "done": true
  },
  "cobblemon:recipes/blocks/gilded_chests": {
    "criteria": {
      "has_gold": "2024-08-04 05:06:47 +0000"
    },
    "done": true
  },
  "minecraft:recipes/combat/golden_sword": {
    "criteria": {
      "has_gold_ingot": "2024-08-04 05:06:47 +0000"
    },
    "done": true
  },
  "minecraft:recipes/building_blocks/gold_block": {
    "criteria": {
      "has_gold_ingot": "2024-08-04 05:06:47 +0000"
    },
    "done": true
  },
  "travelersbackpack:recipes/misc/gold_tier_upgrade": {
    "criteria": {
      "has_gold_ingot": "2024-08-04 05:06:47 +0000"
    },
    "done": true
  },
  "minecraft:recipes/tools/golden_hoe": {
    "criteria": {
      "has_gold_ingot": "2024-08-04 05:06:47 +0000"
    },
    "done": true
  },
  "minecraft:recipes/combat/golden_leggings": {
    "criteria": {
      "has_gold_ingot": "2024-08-04 05:06:47 +0000"
    },
    "done": true
  },
  "megamons:gen1_megastone": {
    "criteria": {
      "has_any_gen1_stone": "2024-08-04 05:07:38 +0000"
    },
    "done": true
  },
  "megamons:gen1_05_charizarditex_stone": {
    "criteria": {
      "has_cut_charizarditex": "2024-08-04 05:07:38 +0000"
    },
    "done": true
  },
  "minecraft:recipes/decorations/chest": {
    "criteria": {
      "has_lots_of_items": "2024-08-04 05:07:40 +0000"
    },
    "done": true
  },
  "megamons:mega_cuff": {
    "criteria": {
      "has_mega_cuff": "2024-08-04 05:07:40 +0000"
    },
    "done": true
  },
  "cobblemon:craft_all_balls": {
    "criteria": {
      "quick_ball": "2024-08-04 05:08:14 +0000",
      "great_ball": "2024-08-04 19:44:48 +0000"
    },
    "done": false
  },
  "cobblemon:craft_poke_ball": {
    "criteria": {
      "requirement": "2024-08-04 05:08:14 +0000"
    },
    "done": true
  },
  "cobblemon:root": {
    "criteria": {
      "picked_starter": "2024-08-04 05:09:04 +0000"
    },
    "done": true
  },
  "megamons:grant_megamons_guide": {
    "criteria": {
      "tick": "2024-08-04 05:09:04 +0000"
    },
    "done": true
  },
  "cobblemon:harvest_apricorn_seed": {
    "criteria": {
      "check_inv": "2024-08-04 05:09:43 +0000"
    },
    "done": true
  },
  "cobblemon:any_plant": {
    "criteria": {
      "check_inv": "2024-08-04 05:09:43 +0000"
    },
    "done": true
  },
  "cobblemon:recipes/agriculture/blue_apricorn_smelt_to_dye": {
    "criteria": {
      "has_apricorn": "2024-08-04 05:09:45 +0000"
    },
    "done": true
  },
  "cobblemon:recipes/balls/dive_ball": {
    "criteria": {
      "has_blue_apricorn": "2024-08-04 05:09:45 +0000"
    },
    "done": false
  },
  "cobblemon:recipes/balls/dream_ball": {
    "criteria": {
      "has_blue_apricorn": "2024-08-04 05:09:45 +0000"
    },
    "done": false
  },
  "cobblemon:recipes/balls/heavy_ball": {
    "criteria": {
      "has_blue_apricorn": "2024-08-04 05:09:45 +0000"
    },
    "done": false
  },
  "cobblemon:recipes/balls/moon_ball": {
    "criteria": {
      "has_blue_apricorn": "2024-08-04 05:09:45 +0000",
      "has_yellow_apricorn": "2024-08-04 05:09:59 +0000"
    },
    "done": false
  },
  "cobblemon:harvest_apricorn": {
    "criteria": {
      "check_inv": "2024-08-04 05:09:45 +0000"
    },
    "done": true
  },
  "cobblemon:recipes/balls/great_ball": {
    "criteria": {
      "has_blue_apricorn": "2024-08-04 05:09:45 +0000"
    },
    "done": false
  },
  "cobblemon:recipes/balls/net_ball": {
    "criteria": {
      "has_blue_apricorn": "2024-08-04 05:09:45 +0000"
    },
    "done": false
  },
  "cobblemon:recipes/balls/quick_ball": {
    "criteria": {
      "has_blue_apricorn": "2024-08-04 05:09:45 +0000",
      "has_yellow_apricorn": "2024-08-04 05:09:59 +0000"
    },
    "done": true
  },
  "cobblemon:recipes/balls/azure_ball": {
    "criteria": {
      "has_blue_apricorn": "2024-08-04 05:09:45 +0000"
    },
    "done": true
  },
  "cobblemon:recipes/balls/lure_ball": {
    "criteria": {
      "has_blue_apricorn": "2024-08-04 05:09:45 +0000"
    },
    "done": false
  },
  "cobblemon:recipes/balls/repeat_ball": {
    "criteria": {
      "has_yellow_apricorn": "2024-08-04 05:09:59 +0000"
    },
    "done": false
  },
  "cobblemon:recipes/balls/ultra_ball": {
    "criteria": {
      "has_yellow_apricorn": "2024-08-04 05:09:59 +0000"
    },
    "done": false
  },
  "cobblemon:recipes/balls/level_ball": {
    "criteria": {
      "has_yellow_apricorn": "2024-08-04 05:09:59 +0000"
    },
    "done": false
  },
  "cobblemon:recipes/balls/nest_ball": {
    "criteria": {
      "has_yellow_apricorn": "2024-08-04 05:09:59 +0000"
    },
    "done": false
  },
  "cobblemon:recipes/agriculture/yellow_apricorn_smelt_to_dye": {
    "criteria": {
      "has_apricorn": "2024-08-04 05:09:59 +0000"
    },
    "done": true
  },
  "cobblemon:recipes/balls/safari_ball": {
    "criteria": {
      "has_yellow_apricorn": "2024-08-04 05:09:59 +0000"
    },
    "done": false
  },
  "cobblemon:recipes/balls/fast_ball": {
    "criteria": {
      "has_yellow_apricorn": "2024-08-04 05:09:59 +0000"
    },
    "done": false
  },
  "cobblemon:recipes/balls/citrine_ball": {
    "criteria": {
      "has_yellow_apricorn": "2024-08-04 05:09:59 +0000"
    },
    "done": true
  },
  "cobblemon:recipes/balls/friend_ball": {
    "criteria": {
      "has_yellow_apricorn": "2024-08-04 05:09:59 +0000"
    },
    "done": false
  },
  "cobblemon:recipes/balls/luxury_ball": {
    "criteria": {
      "has_yellow_apricorn": "2024-08-04 05:09:59 +0000"
    },
    "done": false
  },
  "cobblemon:use_candy": {
    "criteria": {
      "use_xl_candy": "2024-08-04 05:13:03 +0000"
    },
    "done": true
  },
  "cobblemon:first_evolution": {
    "criteria": {
      "evolve": "2024-08-04 05:13:13 +0000"
    },
    "done": true
  },
  "cobblemon:recipes/transportation/apricorn_boat": {
    "criteria": {
      "in_water": "2024-08-04 05:15:12 +0000"
    },
    "done": true
  },
  "minecraft:recipes/transportation/cherry_boat": {
    "criteria": {
      "in_water": "2024-08-04 05:15:12 +0000"
    },
    "done": true
  },
  "minecraft:recipes/transportation/bamboo_raft": {
    "criteria": {
      "in_water": "2024-08-04 05:15:12 +0000"
    },
    "done": true
  },
  "minecraft:recipes/transportation/spruce_boat": {
    "criteria": {
      "in_water": "2024-08-04 05:15:12 +0000"
    },
    "done": true
  },
  "minecraft:recipes/transportation/birch_boat": {
    "criteria": {
      "in_water": "2024-08-04 05:15:12 +0000"
    },
    "done": true
  },
  "minecraft:recipes/transportation/oak_boat": {
    "criteria": {
      "in_water": "2024-08-04 05:15:12 +0000"
    },
    "done": true
  },
  "minecraft:recipes/transportation/mangrove_boat": {
    "criteria": {
      "in_water": "2024-08-04 05:15:12 +0000"
    },
    "done": true
  },
  "minecraft:recipes/transportation/acacia_boat": {
    "criteria": {
      "in_water": "2024-08-04 05:15:12 +0000"
    },
    "done": true
  },
  "minecraft:recipes/transportation/jungle_boat": {
    "criteria": {
      "in_water": "2024-08-04 05:15:12 +0000"
    },
    "done": true
  },
  "minecraft:recipes/transportation/dark_oak_boat": {
    "criteria": {
      "in_water": "2024-08-04 05:15:12 +0000"
    },
    "done": true
  },
  "minecraft:recipes/combat/leather_helmet": {
    "criteria": {
      "has_leather": "2024-08-04 05:17:01 +0000"
    },
    "done": true
  },
  "minecraft:recipes/combat/leather_leggings": {
    "criteria": {
      "has_leather": "2024-08-04 05:17:01 +0000"
    },
    "done": true
  },
  "minecraft:recipes/combat/leather_chestplate": {
    "criteria": {
      "has_leather": "2024-08-04 05:17:01 +0000"
    },
    "done": true
  },
  "minecraft:recipes/misc/leather_horse_armor": {
    "criteria": {
      "has_leather": "2024-08-04 05:17:01 +0000"
    },
    "done": true
  },
  "travelersbackpack:recipes/misc/horse": {
    "criteria": {
      "has_leather": "2024-08-04 05:17:01 +0000"
    },
    "done": true
  },
  "minecraft:recipes/decorations/item_frame": {
    "criteria": {
      "has_leather": "2024-08-04 05:17:01 +0000"
    },
    "done": true
  },
  "minecraft:recipes/combat/leather_boots": {
    "criteria": {
      "has_leather": "2024-08-04 05:17:01 +0000"
    },
    "done": true
  },
  "minecraft:adventure/root": {
    "criteria": {
      "killed_something": "2024-08-04 05:17:27 +0000"
    },
    "done": true
  },
  "minecraft:recipes/food/cooked_beef_from_smoking": {
    "criteria": {
      "has_beef": "2024-08-04 05:17:28 +0000"
    },
    "done": true
  },
  "minecraft:recipes/food/cooked_beef": {
    "criteria": {
      "has_beef": "2024-08-04 05:17:28 +0000"
    },
    "done": true
  },
  "minecraft:recipes/food/cooked_beef_from_campfire_cooking": {
    "criteria": {
      "has_beef": "2024-08-04 05:17:28 +0000"
    },
    "done": true
  },
  "travelersbackpack:recipes/misc/coal": {
    "criteria": {
      "has_coal": "2024-08-04 19:51:47 +0000"
    },
    "done": true
  },
  "minecraft:recipes/building_blocks/coal_block": {
    "criteria": {
      "has_coal": "2024-08-04 19:51:47 +0000"
    },
    "done": true
  },
  "minecraft:recipes/misc/copper_ingot_from_blasting_raw_copper": {
    "criteria": {
      "has_raw_copper": "2024-08-04 19:52:06 +0000"
    },
    "done": true
  },
  "minecraft:recipes/building_blocks/raw_copper_block": {
    "criteria": {
      "has_raw_copper": "2024-08-04 19:52:06 +0000"
    },
    "done": true
  },
  "minecraft:recipes/decorations/campfire": {
    "criteria": {
      "has_coal": "2024-08-04 19:51:47 +0000"
    },
    "done": true
  },
  "cobblemon:first_catch": {
    "criteria": {
      "catch": "2024-08-04 19:47:58 +0000"
    },
    "done": true
  },
  "cobblemon:healing_machine": {
    "criteria": {
      "use_healing_machine": "2024-08-04 19:43:38 +0000"
    },
    "done": true
  },
  "minecraft:recipes/misc/copper_ingot_from_smelting_raw_copper": {
    "criteria": {
      "has_raw_copper": "2024-08-04 19:52:06 +0000"
    },
    "done": true
  },
  "DataVersion": 3465
}